MUNIC_RES;ANO;POPULACAO
110001;1996;33471
110040;1996;10723
110034;1996;19626
110002;1996;68503
110003;1996;8263
110060;1996;5114
110004;1996;72922
110070;1996;15434
110080;1996;10636
110090;1996;4239
110005;1996;21157
110006;1996;24955
110007;1996;11280
110008;1996;13950
110009;1996;24137
110100;1996;9770
110010;1996;36542
110110;1996;5292
110011;1996;48141
110012;1996;95356
110013;1996;28949
110120;1996;10673
110130;1996;12635
110140;1996;8706
110014;1996;15422
110033;1996;13644
110050;1996;11050
110015;1996;52261
110018;1996;48260
110020;1996;294227
110025;1996;28490
110026;1996;6196
110028;1996;43930
110029;1996;11234
110032;1996;18868
110150;1996;8751
110160;1996;8500
110170;1996;14181
110180;1996;9238
110030;1996;44580
120001;1996;6308
120005;1996;2918
120010;1996;13955
120013;1996;4101
120017;1996;2903
120020;1996;56705
120025;1996;9255
120030;1996;22142
120032;1996;3977
120033;1996;8699
120034;1996;5520
120035;1996;8381
120038;1996;12101
120080;1996;8326
120039;1996;5270
120040;1996;228857
120042;1996;8501
120043;1996;1633
120050;1996;23330
120045;1996;14280
120060;1996;23715
120070;1996;12716
130002;1996;13316
130006;1996;6338
130008;1996;6957
130010;1996;10211
130014;1996;11048
130020;1996;8108
130030;1996;25761
130040;1996;16091
130050;1996;19218
130060;1996;23633
130063;1996;9050
130068;1996;8742
130070;1996;24460
130080;1996;23673
130083;1996;6489
130090;1996;8181
130100;1996;20907
130110;1996;18872
130115;1996;17505
130120;1996;53327
130130;1996;15131
130140;1996;25776
130150;1996;18192
130160;1996;22257
130165;1996;10944
130170;1996;25496
130180;1996;11120
130185;1996;26612
130190;1996;64937
130195;1996;7862
130200;1996;6403
130210;1996;6264
130220;1996;4826
130230;1996;19325
130240;1996;27517
130250;1996;65577
130255;1996;17311
130260;1996;1157357
130270;1996;37704
130280;1996;14021
130290;1996;36628
130300;1996;14384
130310;1996;17951
130320;1996;14576
130330;1996;14275
130340;1996;71574
130350;1996;18292
130353;1996;10180
130356;1996;10069
130360;1996;12121
130370;1996;23037
130380;1996;26992
130390;1996;20618
130395;1996;5696
130400;1996;6770
130406;1996;32009
130410;1996;16677
130420;1996;62616
130423;1996;14077
130426;1996;10533
130430;1996;16988
130440;1996;16697
140005;1996;13771
140010;1996;165518
140015;1996;13221
140020;1996;9814
140030;1996;13672
140040;1996;10248
140050;1996;9055
140060;1996;11832
150010;1996;106738
150013;1996;5112
150020;1996;50799
150030;1996;24674
150034;1996;20994
150040;1996;51419
150050;1996;35963
150060;1996;78782
150070;1996;15611
150080;1996;341257
150090;1996;30248
150095;1996;15453
150100;1996;13641
150110;1996;10563
150120;1996;20335
150130;1996;54259
150140;1996;1144312
150150;1996;77369
150157;1996;11158
150160;1996;10124
150170;1996;102641
150172;1996;13990
150175;1996;6529
150178;1996;20223
150180;1996;75166
150190;1996;18019
150200;1996;17193
150210;1996;89400
150220;1996;53662
150230;1996;41134
150240;1996;117380
150250;1996;15345
150260;1996;8940
150270;1996;58765
150275;1996;18469
150276;1996;3491
150277;1996;23875
150280;1996;17627
150290;1996;23012
150293;1996;35981
150295;1996;18393
150300;1996;6322
150307;1996;23055
150309;1996;20882
150310;1996;20826
150320;1996;30651
150330;1996;46942
150340;1996;7311
150345;1996;13930
150350;1996;29371
150360;1996;97630
150370;1996;37771
150375;1996;18268
150380;1996;39526
150390;1996;25922
150400;1996;18006
150405;1996;19895
150410;1996;7962
150420;1996;150095
150430;1996;25329
150440;1996;22301
150445;1996;30940
150450;1996;15280
150460;1996;18763
150470;1996;45321
150480;1996;49602
150490;1996;23462
150495;1996;15828
150500;1996;13707
150503;1996;15568
150506;1996;30059
150510;1996;44326
150520;1996;21579
150530;1996;41999
150540;1996;13885
150543;1996;20199
150548;1996;26195
150549;1996;6085
150550;1996;65931
150553;1996;74702
150555;1996;5628
150560;1996;7044
150570;1996;17405
150580;1996;34103
150590;1996;24122
150600;1996;21484
150610;1996;18885
150613;1996;58029
150616;1996;19775
150618;1996;35221
150619;1996;24122
150620;1996;28396
150630;1996;13615
150635;1996;11549
150640;1996;4875
150650;1996;39333
150655;1996;18105
150658;1996;10364
150660;1996;19939
150670;1996;20844
150680;1996;263468
150690;1996;4463
150700;1996;21468
150710;1996;19055
150715;1996;17993
150720;1996;23916
150730;1996;40983
150740;1996;10194
150745;1996;36071
150747;1996;16822
150750;1996;8116
150760;1996;35887
150770;1996;15804
150780;1996;22884
150790;1996;19195
150795;1996;29693
150796;1996;6819
150797;1996;13043
150800;1996;45066
150805;1996;7255
150808;1996;34560
150810;1996;58679
150812;1996;9699
150815;1996;37395
150820;1996;37013
150830;1996;56945
150835;1996;12794
150840;1996;39259
160010;1996;6441
160020;1996;5678
160021;1996;1998
160023;1996;2604
160025;1996;1945
160027;1996;29904
160030;1996;220962
160040;1996;11353
160050;1996;9820
160015;1996;3018
160053;1996;7191
160055;1996;1690
160060;1996;69501
160005;1996;2751
160070;1996;4603
170025;1996;1957
170035;1996;7201
170040;1996;7747
170070;1996;10219
170100;1996;9694
170105;1996;2755
170110;1996;3646
170130;1996;3486
170190;1996;4712
170200;1996;9801
170210;1996;105019
170215;1996;3069
170220;1996;22558
170230;1996;8693
170240;1996;11551
170255;1996;13924
170270;1996;4382
170290;1996;9698
170300;1996;8775
170310;1996;5477
170320;1996;4319
170330;1996;2279
170360;1996;1761
170370;1996;5932
170380;1996;7599
170382;1996;2039
170384;1996;5102
170386;1996;2473
170388;1996;1610
170389;1996;2727
170390;1996;3625
170410;1996;2189
170550;1996;24474
171670;1996;9141
170555;1996;4915
170560;1996;4393
170600;1996;4358
170610;1996;8670
170650;1996;3905
170700;1996;14882
170710;1996;6476
170720;1996;7554
170730;1996;4190
170740;1996;5963
170755;1996;4219
170765;1996;6084
170770;1996;7407
170820;1996;18385
170825;1996;2315
170830;1996;5134
170900;1996;14207
170930;1996;20404
170950;1996;64725
171050;1996;6549
171070;1996;6492
171090;1996;3392
171110;1996;3214
171150;1996;3437
171180;1996;2376
171190;1996;4956
171195;1996;2618
171200;1996;1397
171240;1996;4085
171250;1996;2605
171270;1996;1490
171280;1996;2721
171320;1996;17483
171330;1996;10774
171360;1996;5979
171395;1996;3039
171420;1996;11623
171430;1996;7156
171488;1996;8724
171500;1996;3591
171510;1996;2963
171515;1996;1981
171525;1996;2010
172100;1996;86116
171570;1996;3769
171380;1996;3533
171575;1996;7395
171610;1996;34251
171620;1996;9270
171630;1996;4875
171650;1996;8648
171660;1996;8740
171665;1996;3574
171700;1996;4716
171720;1996;1785
171750;1996;6733
171780;1996;4715
171790;1996;6579
171800;1996;2463
171820;1996;43365
171830;1996;5149
171840;1996;4146
171850;1996;3051
171855;1996;3502
171865;1996;1035
171870;1996;2042
171875;1996;6531
171880;1996;2829
171884;1996;3495
171886;1996;4336
171888;1996;2187
171890;1996;3764
171900;1996;2155
172010;1996;2834
172015;1996;1155
172020;1996;8304
172025;1996;2229
172030;1996;3516
172049;1996;4807
172065;1996;4974
172080;1996;10114
172085;1996;1303
172090;1996;13711
172093;1996;1722
172110;1996;5169
172120;1996;22810
172130;1996;1313
172208;1996;10274
172210;1996;11183
210005;1996;102609
210010;1996;4565
210020;1996;18943
210030;1996;19125
210040;1996;16939
210050;1996;10535
210060;1996;29835
210070;1996;20188
210080;1996;10315
210090;1996;45208
210095;1996;27168
210100;1996;25155
210110;1996;9750
210120;1996;104456
210130;1996;22570
210140;1996;48344
210150;1996;14320
210160;1996;86575
210170;1996;33136
210180;1996;10436
210190;1996;21240
210200;1996;47039
210210;1996;28623
210220;1996;25091
210230;1996;21799
210240;1996;12722
210250;1996;15871
210260;1996;42107
210270;1996;18420
210280;1996;26936
210290;1996;33887
210300;1996;146045
210310;1996;15605
210320;1996;59521
210330;1996;110292
210340;1996;41504
210350;1996;37295
210360;1996;74130
210370;1996;40827
210380;1996;19934
210390;1996;8414
210400;1996;27699
210405;1996;24581
210410;1996;13445
210420;1996;15863
210430;1996;31254
210440;1996;16860
210450;1996;9380
210460;1996;21880
210470;1996;6032
210480;1996;56374
210490;1996;12757
210500;1996;18998
210510;1996;19867
210520;1996;14925
210530;1996;274104
210540;1996;47570
210550;1996;52190
210560;1996;14741
210570;1996;48026
210580;1996;17524
210590;1996;13252
210600;1996;13174
210610;1996;9587
210620;1996;11365
210630;1996;12521
210640;1996;10656
210650;1996;19746
210660;1996;24858
210670;1996;18316
210675;1996;15302
210680;1996;17958
210690;1996;23916
210700;1996;19965
210710;1996;19422
210720;1996;7595
210730;1996;4713
210740;1996;18315
210750;1996;70804
210760;1996;15737
210770;1996;18521
210780;1996;30305
210790;1996;24229
210800;1996;14551
210810;1996;27521
210820;1996;55180
210830;1996;31452
210840;1996;15995
210850;1996;31274
210860;1996;87449
210870;1996;28832
210880;1996;23496
210890;1996;22608
210900;1996;33825
210910;1996;44118
210920;1996;7321
210930;1996;9055
210940;1996;18626
210950;1996;27412
210960;1996;42120
210970;1996;6065
210980;1996;27111
210990;1996;68942
211000;1996;121823
211003;1996;45053
211010;1996;22712
211020;1996;21137
211030;1996;17544
211040;1996;14101
211050;1996;30034
211060;1996;28488
211070;1996;38598
211080;1996;5467
211090;1996;12578
211100;1996;22784
211110;1996;26539
211120;1996;89794
211130;1996;780833
211140;1996;24597
211150;1996;32245
211160;1996;15028
211170;1996;18852
211180;1996;17208
211190;1996;10710
211200;1996;6275
211210;1996;25199
211220;1996;118428
211230;1996;37123
211240;1996;43502
211250;1996;47808
211260;1996;27029
211270;1996;32263
211280;1996;46445
211290;1996;54718
211300;1996;30663
211400;1996;61851
220010;1996;5753
220020;1996;17137
220025;1996;7152
220027;1996;4393
220030;1996;15639
220040;1996;38136
220050;1996;16995
220060;1996;6796
220070;1996;10021
220080;1996;3954
220090;1996;6054
220100;1996;5129
220110;1996;12641
220115;1996;7440
220120;1996;44083
220130;1996;4177
220140;1996;6846
220150;1996;22712
220160;1996;10831
220170;1996;8155
220180;1996;4008
220190;1996;18410
220191;1996;4740
220192;1996;4851
220196;1996;8126
220200;1996;29218
220202;1996;6102
220205;1996;8364
220209;1996;5468
220210;1996;5084
220220;1996;59300
220225;1996;3995
220230;1996;26249
220240;1996;10180
220250;1996;12486
220260;1996;22854
220270;1996;28111
220273;1996;3332
220275;1996;4554
220277;1996;6964
220280;1996;8196
220285;1996;3876
220290;1996;24599
220300;1996;6124
220310;1996;11186
220320;1996;13048
220330;1996;13384
220335;1996;6302
220340;1996;5755
220345;1996;9002
220342;1996;4376
220350;1996;15016
220360;1996;4422
220370;1996;37120
220375;1996;4327
220380;1996;4424
220390;1996;52222
220400;1996;5015
220410;1996;5010
220420;1996;6481
220430;1996;9554
220440;1996;11335
220450;1996;10370
220460;1996;3578
220470;1996;13674
220480;1996;8110
220490;1996;7412
220500;1996;12966
220510;1996;10088
220515;1996;5012
220520;1996;24363
220525;1996;4190
220530;1996;4405
220540;1996;15115
220550;1996;29440
220555;1996;6337
220556;1996;5336
220560;1996;5511
220570;1996;28807
220580;1996;36085
220590;1996;5987
220595;1996;5827
220600;1996;4750
220610;1996;12468
220620;1996;27987
220630;1996;1550
220640;1996;11571
220650;1996;6567
220660;1996;9414
220670;1996;8111
220680;1996;7329
220690;1996;6873
220700;1996;37502
220720;1996;13928
220730;1996;4898
220740;1996;4962
220750;1996;12107
220760;1996;13517
220770;1996;131885
220775;1996;4259
220777;1996;5552
220780;1996;27075
220790;1996;44875
220800;1996;76194
220810;1996;10079
220820;1996;15625
220830;1996;28439
220840;1996;59921
220850;1996;15036
220860;1996;2967
220865;1996;7783
220870;1996;7263
220880;1996;16598
220890;1996;5894
220900;1996;9781
220910;1996;9948
220915;1996;3411
220920;1996;5708
220930;1996;4409
220937;1996;8042
220935;1996;3656
220940;1996;5054
220950;1996;5567
220955;1996;4014
220960;1996;5003
220970;1996;6318
220980;1996;5281
220985;1996;6886
220990;1996;7074
221000;1996;33310
221005;1996;4937
221010;1996;5676
221020;1996;6118
221030;1996;5436
221035;1996;4272
221040;1996;25246
221050;1996;11988
221060;1996;24696
221065;1996;7999
221070;1996;20179
221080;1996;13451
221090;1996;4787
221100;1996;655473
221110;1996;36917
221120;1996;16069
221130;1996;21270
221135;1996;4422
221140;1996;7881
230010;1996;7489
230015;1996;10962
230020;1996;45342
230030;1996;47433
230040;1996;13763
230050;1996;9166
230060;1996;5435
230070;1996;13432
230075;1996;28119
230080;1996;5781
230090;1996;11229
230100;1996;52282
230110;1996;56978
230120;1996;23820
230125;1996;10224
230130;1996;17589
230140;1996;11524
230150;1996;7128
230160;1996;19056
230170;1996;24522
230180;1996;6019
230185;1996;15112
230190;1996;43296
230195;1996;16954
230200;1996;19514
230205;1996;13007
230210;1996;29467
230220;1996;38139
230230;1996;27817
230240;1996;47751
230250;1996;34838
230260;1996;51533
230270;1996;23964
230280;1996;65576
230290;1996;15504
230300;1996;13799
230310;1996;18223
230320;1996;23403
230330;1996;17479
230340;1996;14793
230350;1996;50022
230360;1996;12508
230365;1996;8979
230370;1996;209150
230380;1996;23302
230390;1996;11275
230393;1996;11445
230395;1996;16031
230400;1996;19013
230410;1996;65229
230420;1996;95521
230423;1996;15817
230425;1996;17715
230426;1996;7932
230427;1996;6132
230428;1996;27206
230430;1996;19450
230435;1996;16594
230440;1996;1965513
230445;1996;10986
230450;1996;10880
230460;1996;4840
230465;1996;14369
230470;1996;44084
230480;1996;4878
230490;1996;8353
230495;1996;17060
230500;1996;31982
230510;1996;5495
230520;1996;16907
230523;1996;25382
230526;1996;10857
230530;1996;20905
230533;1996;8876
230535;1996;15666
230540;1996;58316
230550;1996;78220
230560;1996;23447
230565;1996;11006
230570;1996;10931
230580;1996;35291
230590;1996;35705
230600;1996;13487
230610;1996;16986
230620;1996;6279
230625;1996;25886
230630;1996;37628
230640;1996;80249
230650;1996;14140
230655;1996;25793
230660;1996;14430
230670;1996;17310
230680;1996;7924
230690;1996;32781
230700;1996;28366
230710;1996;25006
230720;1996;6755
230725;1996;9751
230730;1996;189161
230740;1996;20724
230750;1996;30938
230760;1996;45088
230763;1996;13948
230765;1996;160065
230770;1996;82064
230780;1996;18466
230790;1996;7313
230800;1996;25555
230810;1996;38377
230820;1996;10769
230830;1996;24138
230835;1996;12107
230837;1996;10579
230840;1996;29539
230850;1996;39403
230860;1996;15451
230870;1996;60426
230880;1996;6689
230890;1996;15741
230900;1996;12495
230910;1996;8197
230920;1996;11303
230930;1996;29416
230940;1996;25455
230945;1996;20328
230950;1996;21336
230960;1996;37076
230970;1996;43594
230980;1996;10972
230990;1996;5353
231000;1996;7728
231010;1996;9873
231020;1996;23018
231025;1996;20803
231030;1996;30948
231040;1996;11267
231050;1996;37823
231060;1996;6238
231070;1996;28675
231080;1996;13868
231085;1996;13577
231090;1996;12765
231095;1996;10457
231100;1996;11381
231110;1996;15154
231120;1996;8314
231123;1996;5816
231126;1996;17709
231130;1996;64442
231135;1996;15067
231140;1996;56697
231150;1996;15274
231160;1996;21972
231170;1996;20114
231180;1996;51910
231190;1996;16344
231195;1996;12442
231220;1996;39485
231200;1996;25513
231210;1996;16300
231230;1996;37816
231240;1996;32687
231250;1996;8363
231260;1996;11000
231270;1996;25164
231280;1996;5512
231290;1996;138565
231300;1996;16198
231310;1996;26692
231320;1996;27265
231325;1996;7880
231330;1996;50258
231335;1996;11286
231340;1996;49243
231350;1996;39398
231355;1996;10653
231360;1996;26164
231370;1996;7590
231375;1996;15256
231380;1996;15345
231390;1996;10115
231395;1996;14261
231400;1996;32898
231410;1996;43138
240010;1996;10948
240020;1996;45054
240030;1996;9883
240040;1996;2509
240050;1996;13585
240060;1996;5347
240070;1996;9010
240080;1996;13905
240090;1996;7090
240100;1996;30414
240110;1996;20674
240120;1996;11375
240130;1996;13080
240140;1996;7336
240145;1996;17195
240150;1996;3884
240160;1996;4614
240170;1996;8395
240180;1996;9541
240190;1996;2617
240200;1996;52019
240210;1996;9248
240220;1996;24128
240230;1996;20367
240240;1996;6156
240250;1996;10920
240260;1996;57983
240270;1996;10312
240280;1996;5370
240290;1996;4484
240300;1996;7954
240310;1996;40586
240320;1996;6317
240330;1996;4659
240340;1996;5618
240350;1996;9186
240360;1996;17814
240370;1996;5734
240380;1996;12253
240390;1996;3001
240400;1996;4539
240410;1996;1435
240420;1996;16739
240430;1996;11218
240440;1996;9486
240450;1996;8546
240460;1996;9275
240470;1996;16456
240480;1996;1787
240490;1996;5424
240500;1996;7002
240510;1996;5877
240520;1996;6005
240530;1996;7087
240540;1996;6302
240550;1996;2516
240560;1996;10510
240570;1996;11886
240580;1996;34115
240590;1996;2375
240600;1996;5445
240610;1996;17044
240620;1996;5091
240630;1996;6218
240640;1996;2165
240650;1996;10891
240660;1996;6508
240670;1996;8857
240680;1996;4315
240690;1996;3065
240700;1996;11711
240710;1996;46655
240720;1996;24378
240730;1996;8067
240740;1996;11673
240750;1996;14942
240760;1996;3532
240770;1996;10134
240780;1996;16303
240790;1996;2749
240800;1996;205822
240810;1996;656037
240820;1996;15817
240830;1996;31992
240840;1996;4789
240850;1996;4580
240860;1996;3352
240870;1996;4093
240880;1996;4087
240890;1996;18187
240325;1996;86177
240910;1996;7032
240920;1996;2401
240930;1996;11057
240940;1996;22072
240950;1996;3538
240960;1996;2680
240970;1996;7131
240980;1996;13425
240990;1996;10897
241000;1996;2553
241010;1996;11303
241020;1996;6412
241040;1996;6190
241050;1996;3816
241060;1996;2941
241070;1996;2662
241080;1996;4023
241090;1996;5332
241100;1996;5998
241110;1996;3625
241120;1996;29283
241140;1996;15616
241142;1996;2322
241150;1996;20235
241160;1996;9798
241170;1996;3220
241180;1996;3502
241190;1996;3233
241200;1996;56825
241210;1996;5449
241220;1996;31917
241230;1996;11277
241240;1996;3462
241250;1996;21518
241260;1996;15760
241270;1996;6489
241280;1996;8220
241290;1996;11052
241300;1996;4969
241310;1996;4678
241320;1996;2966
241030;1996;6433
241330;1996;5322
241335;1996;7517
241340;1996;7423
241350;1996;6323
241360;1996;10347
241370;1996;4518
241380;1996;2140
241390;1996;10302
241400;1996;10805
241410;1996;8727
241420;1996;5946
241430;1996;2161
241440;1996;27133
241450;1996;10819
241460;1996;10230
241470;1996;8369
241480;1996;9334
241490;1996;1594
241500;1996;2517
250010;1996;8510
250020;1996;6207
250030;1996;30004
250040;1996;22501
250050;1996;11790
250060;1996;14613
250080;1996;19476
250090;1996;10220
250100;1996;17945
250110;1996;25849
250120;1996;6127
250130;1996;28278
250140;1996;6019
250150;1996;21817
250160;1996;16486
250170;1996;5341
250180;1996;84169
250190;1996;16254
250200;1996;7679
250210;1996;5834
250220;1996;1777
250230;1996;5800
250240;1996;8188
250250;1996;33685
250270;1996;4152
250280;1996;13522
250290;1996;5621
250300;1996;16500
250310;1996;6096
250320;1996;34690
250330;1996;8172
250340;1996;2956
250350;1996;17249
250360;1996;10255
250370;1996;51396
250380;1996;4556
250390;1996;5703
250400;1996;344730
250410;1996;2015
250420;1996;4659
250430;1996;26021
250440;1996;21723
250450;1996;7255
250460;1996;12239
250470;1996;4664
250480;1996;14286
250490;1996;12966
250500;1996;6494
250510;1996;22590
250520;1996;7106
250530;1996;2504
250540;1996;13577
250560;1996;7128
250570;1996;9833
250580;1996;7043
250590;1996;2830
250600;1996;27604
250610;1996;12623
250620;1996;2812
250630;1996;51713
250640;1996;13985
250650;1996;5676
250660;1996;6545
250260;1996;5913
250670;1996;10121
250680;1996;21235
250690;1996;26248
250700;1996;21000
250710;1996;14119
250720;1996;9417
250730;1996;17862
250740;1996;9433
250750;1996;549363
250760;1996;7279
250770;1996;17185
250780;1996;5749
250790;1996;9949
250800;1996;10469
250810;1996;5568
250820;1996;7339
250830;1996;22982
250840;1996;3248
250850;1996;7113
250860;1996;8362
250870;1996;3997
250880;1996;5728
250890;1996;51312
250900;1996;10965
250910;1996;20389
250920;1996;11828
250930;1996;5402
250940;1996;13332
250950;1996;3884
250960;1996;4041
250970;1996;26471
250980;1996;10569
250990;1996;10834
251000;1996;7329
251010;1996;9032
251020;1996;7241
251030;1996;3474
251040;1996;8058
251050;1996;3378
251060;1996;2916
251070;1996;3707
251080;1996;86036
251090;1996;11380
251100;1996;3631
251110;1996;6305
251120;1996;26032
251130;1996;15643
251140;1996;18746
251150;1996;13835
251160;1996;7227
251170;1996;5395
251180;1996;10823
251190;1996;12182
251200;1996;14237
251210;1996;39322
251220;1996;3454
251230;1996;22242
251240;1996;11343
251250;1996;33461
251260;1996;1518
251270;1996;16601
251280;1996;8669
251290;1996;27670
251300;1996;2858
251310;1996;12675
251320;1996;7005
251330;1996;6054
251340;1996;13273
251370;1996;105625
251380;1996;4888
251350;1996;5904
251360;1996;7514
251390;1996;24594
251400;1996;7822
250070;1996;20867
251410;1996;4168
251420;1996;7873
251430;1996;5478
251440;1996;5198
251450;1996;16911
251460;1996;2798
251470;1996;3906
251480;1996;5497
251490;1996;8350
251500;1996;4172
251510;1996;9605
251520;1996;4462
251540;1996;8345
251530;1996;57061
251550;1996;13769
251560;1996;3624
251570;1996;2807
251580;1996;7721
251590;1996;8718
251600;1996;35570
251610;1996;11107
251620;1996;77911
251630;1996;16929
251640;1996;9848
251650;1996;14445
251660;1996;13798
251670;1996;17732
251680;1996;11324
251690;1996;19848
251700;1996;16593
251710;1996;2135
250550;1996;3183
260005;1996;80828
260010;1996;31806
260020;1996;13886
260030;1996;18264
260040;1996;25711
260050;1996;35965
260060;1996;11462
260070;1996;36972
260080;1996;21648
260090;1996;20342
260100;1996;8433
260110;1996;63841
260120;1996;58722
260130;1996;10915
260140;1996;38518
260150;1996;14184
260160;1996;21546
260170;1996;67485
260180;1996;10780
260190;1996;52432
260200;1996;25790
260210;1996;41101
260220;1996;37369
260230;1996;34314
260240;1996;8170
260250;1996;7142
260260;1996;34858
260270;1996;12685
260280;1996;38480
260290;1996;140764
260300;1996;25425
260310;1996;15554
260320;1996;20022
260330;1996;10547
260340;1996;6988
260345;1996;111119
260350;1996;14380
260360;1996;7720
260370;1996;23446
260380;1996;19341
260390;1996;18113
260392;1996;11073
260400;1996;55060
260410;1996;231989
260420;1996;31264
260430;1996;8396
260440;1996;10845
260450;1996;15793
260460;1996;20043
260470;1996;17505
260480;1996;13130
260490;1996;21959
260500;1996;22807
260510;1996;27911
260515;1996;13252
260520;1996;57374
260530;1996;31091
260540;1996;18239
260545;1996;1881
260550;1996;10133
260560;1996;21150
260570;1996;22551
260580;1996;12867
260590;1996;21326
260600;1996;110084
260610;1996;27231
260620;1996;67242
260630;1996;5919
260640;1996;61631
260650;1996;16330
260660;1996;25745
260670;1996;7432
260680;1996;84991
260690;1996;11375
260760;1996;13799
260700;1996;22686
260710;1996;4651
260720;1996;48479
260730;1996;21510
260740;1996;3720
260750;1996;24808
260765;1996;33619
260770;1996;15273
260775;1996;19186
260780;1996;14168
260790;1996;529966
260800;1996;16697
260810;1996;25977
260820;1996;14414
260825;1996;8747
260830;1996;11645
260840;1996;12577
260850;1996;17604
260845;1996;11584
260860;1996;11034
260870;1996;15444
260880;1996;30876
260890;1996;55916
260900;1996;22494
260910;1996;9698
260920;1996;22105
260930;1996;12639
261430;1996;12643
260940;1996;39962
260950;1996;27949
260960;1996;349380
260970;1996;21997
260980;1996;10716
260990;1996;58288
261000;1996;56439
261010;1996;9049
261020;1996;25772
261030;1996;12195
261040;1996;18699
261050;1996;28082
261060;1996;40770
261070;1996;233634
261080;1996;19312
261090;1996;55954
261100;1996;33757
261110;1996;191238
261120;1996;10421
261130;1996;21673
261140;1996;10803
261150;1996;19512
261153;1996;7141
261160;1996;1346045
261170;1996;17217
261180;1996;39924
261190;1996;35342
261200;1996;13369
261210;1996;5914
261220;1996;49278
261230;1996;15222
261240;1996;15851
261245;1996;10904
261247;1996;11143
261250;1996;47248
261260;1996;49118
261270;1996;11516
261280;1996;9513
261290;1996;11117
261300;1996;44992
261310;1996;30629
261320;1996;18492
261330;1996;18662
261340;1996;13116
261350;1996;31177
261360;1996;28793
261370;1996;89754
261380;1996;15265
261390;1996;70305
261400;1996;16830
261410;1996;29734
261420;1996;32101
261440;1996;5435
261450;1996;59021
261460;1996;23133
261470;1996;11243
261480;1996;16612
261500;1996;18668
261510;1996;6349
261520;1996;7043
261530;1996;56554
261540;1996;18455
261550;1996;12579
261560;1996;19521
261570;1996;14996
261580;1996;19197
261590;1996;7868
261600;1996;13013
261610;1996;8383
261618;1996;8696
261620;1996;13335
261630;1996;27077
261640;1996;110888
261650;1996;13045
270010;1996;17754
270020;1996;16513
270030;1996;173339
270040;1996;36642
270050;1996;9164
270060;1996;6076
270070;1996;13446
270080;1996;5278
270090;1996;6411
270100;1996;22162
270110;1996;9714
270120;1996;8663
270130;1996;17964
270140;1996;38246
270150;1996;10289
270160;1996;17151
270170;1996;20127
270180;1996;5938
270190;1996;7593
270200;1996;10188
270210;1996;17924
270220;1996;5084
270230;1996;47175
270235;1996;18599
270240;1996;40537
270250;1996;11374
270255;1996;15260
270260;1996;18959
270270;1996;3693
270280;1996;12619
270290;1996;27495
270300;1996;14976
270310;1996;24250
270320;1996;19354
270330;1996;15193
270340;1996;5273
270350;1996;7550
270360;1996;6548
270370;1996;5069
270380;1996;19381
270390;1996;11530
270400;1996;22696
270410;1996;17735
270420;1996;19138
270430;1996;723142
270440;1996;17282
270490;1996;4393
270450;1996;16912
270460;1996;13747
270470;1996;28215
270480;1996;14201
270500;1996;24387
270510;1996;23007
270520;1996;10648
270530;1996;5344
270540;1996;6453
270550;1996;23038
270560;1996;11247
270570;1996;17060
270580;1996;5966
270590;1996;4503
270600;1996;10209
270610;1996;9076
270620;1996;4104
270630;1996;67689
270640;1996;23386
270642;1996;8189
270644;1996;7121
270650;1996;13841
270660;1996;8979
270670;1996;54390
270680;1996;15953
270690;1996;30178
270700;1996;3223
270710;1996;19652
270720;1996;10969
270730;1996;24150
270740;1996;10330
270750;1996;17318
270760;1996;12133
270770;1996;58244
270780;1996;7317
270790;1996;6357
270800;1996;38231
270810;1996;12076
270820;1996;6258
270830;1996;22118
270840;1996;27814
270850;1996;31234
270860;1996;49504
270870;1996;5560
270880;1996;27151
270890;1996;10954
270895;1996;8317
270900;1996;7036
270910;1996;17047
270915;1996;33634
270920;1996;24071
270930;1996;54799
270940;1996;25024
280010;1996;1994
280020;1996;17269
280030;1996;428194
280040;1996;10608
280050;1996;14040
280060;1996;16155
280067;1996;23789
280070;1996;6813
280100;1996;14913
280110;1996;3890
280120;1996;14513
280130;1996;25744
280140;1996;16636
280150;1996;7795
280160;1996;5164
280170;1996;12774
280190;1996;3500
280200;1996;2833
280210;1996;56749
280220;1996;4686
280230;1996;11331
280240;1996;10211
280250;1996;2352
280260;1996;5223
280270;1996;7585
280280;1996;11904
280290;1996;72052
280300;1996;32537
280310;1996;4839
280320;1996;20174
280330;1996;13663
280340;1996;10465
280350;1996;75316
280360;1996;21310
280370;1996;5361
280380;1996;2860
280390;1996;10756
280400;1996;14499
280410;1996;10032
280420;1996;10088
280430;1996;6828
280440;1996;16732
280445;1996;7945
280450;1996;24412
280460;1996;20359
280470;1996;5317
280480;1996;105724
280490;1996;11154
280500;1996;2322
280510;1996;7924
280520;1996;4728
280530;1996;5946
280540;1996;18749
280550;1996;17612
280560;1996;23206
280570;1996;25986
280580;1996;17820
280590;1996;7771
280600;1996;14455
280610;1996;6570
280620;1996;17608
280630;1996;10912
280650;1996;3341
280640;1996;5730
280660;1996;10157
280670;1996;57553
280680;1996;8335
280690;1996;2482
280700;1996;3078
280710;1996;33707
280720;1996;6803
280730;1996;2444
280740;1996;40740
280750;1996;12464
280760;1996;16489
290010;1996;12729
290020;1996;12477
290030;1996;13202
290035;1996;11838
290040;1996;14148
290060;1996;6716
290070;1996;122838
290080;1996;15769
290090;1996;8256
290100;1996;30536
290110;1996;23425
290115;1996;14879
290120;1996;43514
290130;1996;16055
290135;1996;17509
290140;1996;14391
290150;1996;8418
290160;1996;11492
290170;1996;11098
290180;1996;13946
290190;1996;14906
290195;1996;10218
290205;1996;11486
290200;1996;17123
290210;1996;51307
290220;1996;8922
290225;1996;12030
290230;1996;8275
290240;1996;16347
290250;1996;12535
290260;1996;21157
290265;1996;11021
290270;1996;40085
290280;1996;20609
290290;1996;39248
290300;1996;12827
290310;1996;9018
290320;1996;113695
290323;1996;11666
290330;1996;7098
290340;1996;19968
290350;1996;15094
290360;1996;13845
290370;1996;17315
290380;1996;18028
290390;1996;52514
290395;1996;11901
290400;1996;13719
290405;1996;14469
290410;1996;20828
290420;1996;12288
290430;1996;15384
290440;1996;9635
290450;1996;14016
290460;1996;62271
290470;1996;18961
290475;1996;15365
290480;1996;14527
290485;1996;14784
290490;1996;30258
290500;1996;20518
290510;1996;17120
290515;1996;11672
290520;1996;43518
290530;1996;14600
290540;1996;8546
290550;1996;16208
290560;1996;32796
290570;1996;134901
290580;1996;30484
290590;1996;25380
290600;1996;59331
290610;1996;9898
290620;1996;21414
290630;1996;34066
290640;1996;10204
290650;1996;69503
290660;1996;12574
290670;1996;25482
290680;1996;30982
290682;1996;17256
290685;1996;11846
290687;1996;27005
290689;1996;14535
290690;1996;18669
290700;1996;7286
290710;1996;26166
290720;1996;48883
290730;1996;26830
290740;1996;3132
290750;1996;47250
290755;1996;10650
290760;1996;14200
290770;1996;9369
290780;1996;28339
290790;1996;12913
290800;1996;25963
290810;1996;17125
290820;1996;17211
290830;1996;19700
290840;1996;51960
290850;1996;24265
290860;1996;18695
290870;1996;17920
290880;1996;5030
290890;1996;22522
290900;1996;10679
290910;1996;15640
290920;1996;19036
290930;1996;29703
290940;1996;12381
290950;1996;4842
290960;1996;16794
290970;1996;12882
290980;1996;49629
290990;1996;25219
291000;1996;15165
291005;1996;37916
291010;1996;9932
291020;1996;3757
291030;1996;7905
291040;1996;30967
291050;1996;32380
290050;1996;10100
291060;1996;25417
291070;1996;50213
291072;1996;85982
291075;1996;17817
291077;1996;6445
291080;1996;450487
291085;1996;18117
291090;1996;5835
291100;1996;13109
291110;1996;16065
291120;1996;29332
291125;1996;5104
291130;1996;9594
291140;1996;13191
291150;1996;11118
291160;1996;16348
291165;1996;12339
291170;1996;68603
291180;1996;23618
291185;1996;12185
291190;1996;27757
291200;1996;11269
291210;1996;30205
291220;1996;9147
291230;1996;15449
291240;1996;14413
291250;1996;13485
291260;1996;4679
291270;1996;24556
291280;1996;7551
291290;1996;25535
291300;1996;15713
291310;1996;17020
291320;1996;23932
291330;1996;9917
291340;1996;14778
291345;1996;13232
291350;1996;22211
291360;1996;242445
291370;1996;25948
291380;1996;17368
291390;1996;42407
291400;1996;62712
291410;1996;8386
291420;1996;6644
291430;1996;17842
291440;1996;18144
291450;1996;24565
291460;1996;52267
291465;1996;26904
291470;1996;56381
291480;1996;183403
291490;1996;16449
291500;1996;14425
291510;1996;15169
291520;1996;15805
291530;1996;7021
291535;1996;13200
291540;1996;9059
291550;1996;26142
291560;1996;62406
291570;1996;8075
291580;1996;29468
291590;1996;4630
291600;1996;23023
291610;1996;17975
291620;1996;14387
291630;1996;11251
291640;1996;54279
291650;1996;24391
291660;1996;10322
291670;1996;7362
291680;1996;15953
291685;1996;11637
291690;1996;13778
291700;1996;34804
291710;1996;18727
291720;1996;18580
291730;1996;20671
291733;1996;11230
291735;1996;10243
291740;1996;13589
291750;1996;85556
291760;1996;41621
291770;1996;37365
291780;1996;13539
291790;1996;8840
291800;1996;165345
291810;1996;33357
291820;1996;13619
291830;1996;17141
291835;1996;17787
291840;1996;172065
291845;1996;12049
291850;1996;13111
291855;1996;8550
291860;1996;11253
291870;1996;4929
291875;1996;11903
291880;1996;19626
291890;1996;3758
291900;1996;4471
291905;1996;9051
291910;1996;10218
291915;1996;21535
291920;1996;97219
291930;1996;9689
291940;1996;13205
291950;1996;35009
291960;1996;10713
291970;1996;17136
291980;1996;38437
291990;1996;7024
291992;1996;9961
291995;1996;11506
292000;1996;7402
292010;1996;18877
292020;1996;14963
292030;1996;7550
292040;1996;15510
292045;1996;10841
292050;1996;30134
292060;1996;35936
292070;1996;17880
292080;1996;13421
292090;1996;16508
292100;1996;32452
292105;1996;9729
292110;1996;24043
292120;1996;32148
292130;1996;12072
292140;1996;17031
292145;1996;10706
292150;1996;52551
292160;1996;8496
292170;1996;31979
292180;1996;12546
292190;1996;13037
292200;1996;23202
292205;1996;14562
292210;1996;21556
292220;1996;6757
292225;1996;9654
292230;1996;27094
292240;1996;19765
292250;1996;25106
292260;1996;16721
292265;1996;10374
292270;1996;13826
292273;1996;7151
292275;1996;12494
292280;1996;6476
292285;1996;12610
292290;1996;23445
292300;1996;27323
292303;1996;11192
292305;1996;13248
292310;1996;22637
292320;1996;21287
292330;1996;7440
292335;1996;14136
292340;1996;20652
292350;1996;10087
292360;1996;24310
292370;1996;24111
292380;1996;26551
292390;1996;13868
292400;1996;93609
292405;1996;12769
292410;1996;7055
292420;1996;15167
292430;1996;17911
292440;1996;31433
292450;1996;14876
292460;1996;24551
292465;1996;10384
292467;1996;17889
292470;1996;14645
292480;1996;19482
292490;1996;7809
292500;1996;23677
292510;1996;39380
292520;1996;23544
292525;1996;18023
292530;1996;64957
292540;1996;14660
292550;1996;24227
292560;1996;12858
292570;1996;17166
292575;1996;17928
292580;1996;23820
292590;1996;23944
292593;1996;14821
292595;1996;21670
292600;1996;34078
292610;1996;11588
292620;1996;21252
292630;1996;30456
292640;1996;28719
292650;1996;13138
292660;1996;42277
292665;1996;13786
292670;1996;13271
292680;1996;13821
292690;1996;10934
292700;1996;30274
292710;1996;5395
292720;1996;28804
292730;1996;9817
292740;1996;2211539
292750;1996;17289
292760;1996;17089
292770;1996;17334
292780;1996;7071
292790;1996;10812
292805;1996;16260
292810;1996;42095
292840;1996;22845
292850;1996;8941
292800;1996;30895
292820;1996;23859
292830;1996;8721
292860;1996;56339
292870;1996;71932
292880;1996;39311
292890;1996;18693
292895;1996;8423
292910;1996;20149
292900;1996;13185
292905;1996;12293
292920;1996;24213
292925;1996;18211
292930;1996;26152
292935;1996;6837
292937;1996;15478
292940;1996;10055
292950;1996;38422
292960;1996;15291
292970;1996;15380
292975;1996;9271
292980;1996;17380
292990;1996;40794
293000;1996;8286
293010;1996;84752
293020;1996;30486
293015;1996;29776
293030;1996;18828
293040;1996;16751
293050;1996;78810
293060;1996;12536
293070;1996;78229
293075;1996;9443
293076;1996;13785
293077;1996;20904
293080;1996;18686
293090;1996;11742
293100;1996;20270
293105;1996;14206
293110;1996;7788
293120;1996;18631
293130;1996;13779
293135;1996;96512
293140;1996;9207
293150;1996;20424
293160;1996;11819
293170;1996;13013
293180;1996;23861
293190;1996;44333
293200;1996;24035
293210;1996;26568
293220;1996;23007
293230;1996;24999
293240;1996;13341
293245;1996;15638
293250;1996;31114
293260;1996;17450
293270;1996;23859
293280;1996;17975
293290;1996;74661
293300;1996;17714
293305;1996;13894
293310;1996;10784
293315;1996;12387
293317;1996;8749
293320;1996;27628
293325;1996;7336
293330;1996;242155
293340;1996;8776
293345;1996;13284
293350;1996;22161
293360;1996;40786
310010;1996;6427
310020;1996;22082
310030;1996;18298
310040;1996;3798
310050;1996;24127
310060;1996;16376
310070;1996;2127
310080;1996;3260
310090;1996;22524
310100;1996;20361
310110;1996;24858
310120;1996;6464
310130;1996;2787
310140;1996;2705
310150;1996;32059
310160;1996;58963
310163;1996;4927
310170;1996;32728
310180;1996;6848
310190;1996;21245
310200;1996;12241
315350;1996;7542
310210;1996;13306
310220;1996;5388
310230;1996;15039
310240;1996;3662
310250;1996;5444
310260;1996;29486
310280;1996;12549
310290;1996;10334
310300;1996;9595
310310;1996;1838
310320;1996;2132
310330;1996;2443
310340;1996;34651
310350;1996;95403
310360;1996;2794
310370;1996;7648
310375;1996;4921
310380;1996;2827
310390;1996;5976
310400;1996;74206
310410;1996;7734
310420;1996;29637
310430;1996;11344
310440;1996;3102
310450;1996;17149
310460;1996;11342
310470;1996;15809
310480;1996;4798
310490;1996;16786
310500;1996;7935
310510;1996;21187
310520;1996;5155
310530;1996;4718
310540;1996;22595
310550;1996;6329
310560;1996;107810
310570;1996;8192
310590;1996;18645
310600;1996;10133
310610;1996;3498
310620;1996;2091371
310630;1996;18060
310640;1996;6955
310650;1996;17549
310660;1996;9253
310670;1996;249451
310680;1996;4677
310690;1996;11822
310700;1996;2845
310710;1996;34191
310720;1996;5104
310730;1996;48180
310740;1996;37699
310750;1996;6722
310760;1996;3290
310770;1996;4898
310780;1996;16254
310790;1996;10501
310800;1996;16977
310810;1996;7206
310820;1996;13675
310830;1996;16055
310840;1996;14728
310850;1996;6794
310870;1996;5373
310860;1996;43615
310880;1996;5699
310890;1996;14601
310900;1996;24336
310910;1996;10578
310920;1996;9870
310930;1996;19796
310940;1996;23719
310950;1996;12433
310960;1996;3713
310970;1996;9873
310270;1996;9188
310980;1996;2278
310990;1996;7587
311000;1996;34869
311010;1996;4252
311020;1996;3724
311030;1996;13047
311040;1996;3467
311050;1996;17229
311060;1996;20519
311070;1996;12040
311080;1996;3414
311090;1996;13538
311100;1996;18195
311110;1996;18875
311120;1996;47369
311130;1996;10906
311140;1996;4649
311150;1996;11741
311160;1996;24357
311190;1996;5605
311170;1996;4906
311180;1996;10515
311200;1996;13970
311210;1996;8410
311220;1996;5103
311230;1996;33659
311240;1996;7333
311250;1996;7070
311260;1996;15013
311265;1996;4454
311270;1996;13035
311280;1996;7325
311290;1996;8166
311300;1996;19649
311310;1996;3587
311320;1996;20307
311330;1996;31387
311340;1996;87490
311350;1996;9084
311360;1996;5592
311370;1996;23390
311380;1996;2188
311390;1996;10803
311400;1996;10433
311410;1996;11779
311420;1996;15961
311430;1996;28482
311440;1996;18482
311450;1996;14263
311455;1996;9255
311460;1996;4058
311470;1996;2801
311480;1996;4716
311490;1996;2176
311500;1996;2262
311510;1996;16931
311530;1996;61984
311540;1996;3379
311545;1996;6230
311550;1996;21041
311560;1996;1297
311570;1996;6204
311580;1996;10310
311590;1996;4437
311600;1996;5148
311610;1996;14481
311620;1996;3003
311630;1996;6435
311640;1996;3820
311650;1996;7388
311660;1996;20530
311670;1996;6103
311680;1996;8634
311690;1996;2860
311700;1996;10216
311710;1996;9233
311520;1996;4030
311730;1996;15149
311720;1996;2644
311740;1996;4501
311750;1996;19062
311760;1996;4775
311770;1996;11121
311780;1996;8064
311790;1996;7725
311800;1996;38767
311810;1996;4823
311820;1996;6706
311830;1996;94538
311840;1996;29018
311850;1996;1778
311860;1996;492214
311870;1996;8774
311880;1996;33940
311890;1996;8865
311900;1996;3226
311910;1996;24678
311920;1996;10351
311930;1996;26127
311940;1996;93012
311950;1996;9699
311960;1996;3081
311970;1996;3156
311980;1996;3704
311990;1996;3929
312000;1996;7390
312010;1996;4232
312020;1996;9076
312030;1996;5018
312040;1996;4632
312050;1996;11541
312060;1996;4294
312070;1996;3245
312080;1996;13080
312090;1996;63467
312100;1996;5063
312110;1996;7914
312120;1996;6488
312130;1996;4425
312140;1996;6781
312150;1996;3338
312160;1996;43405
312170;1996;3970
312180;1996;9266
312190;1996;3149
312200;1996;22915
312210;1996;5102
312220;1996;6456
312230;1996;171565
312240;1996;5248
312245;1996;5877
312250;1996;5826
312260;1996;5036
312270;1996;8902
312280;1996;3113
312290;1996;5150
312300;1996;7788
312310;1996;5401
312320;1996;14723
312330;1996;4780
312340;1996;1368
312350;1996;1677
312352;1996;6478
312360;1996;20189
312370;1996;8641
312380;1996;6814
312385;1996;4877
312390;1996;12838
312400;1996;15704
312410;1996;33934
312420;1996;18847
312430;1996;31550
312440;1996;4095
312450;1996;9978
312460;1996;2804
312470;1996;3837
312480;1996;7047
312490;1996;9673
312500;1996;3446
312510;1996;18905
312520;1996;2241
312530;1996;3524
312540;1996;5565
312560;1996;7356
312570;1996;12010
312580;1996;2917
312590;1996;12419
312595;1996;9170
312600;1996;5363
312610;1996;64452
312620;1996;6263
312630;1996;3699
312640;1996;2283
312650;1996;17375
312660;1996;4078
312670;1996;23708
312680;1996;6775
312690;1996;8147
312700;1996;8374
312705;1996;5104
312710;1996;45679
312720;1996;2842
312730;1996;10140
312740;1996;3580
312750;1996;5728
312760;1996;11424
312770;1996;231242
312780;1996;21838
312790;1996;1468
312800;1996;26518
312810;1996;13159
312820;1996;10371
312830;1996;17538
312840;1996;8134
312850;1996;4092
312860;1996;6411
312870;1996;43331
312880;1996;7201
312890;1996;5741
312900;1996;9557
312910;1996;7146
312920;1996;5479
312930;1996;13837
312940;1996;4912
312950;1996;19761
312960;1996;7045
312970;1996;8318
312980;1996;126627
312990;1996;2875
313000;1996;2706
313005;1996;8407
313010;1996;31063
313020;1996;6879
313030;1996;8774
313040;1996;4906
313050;1996;9738
313060;1996;6333
313070;1996;5526
313080;1996;2419
313090;1996;33288
313100;1996;4688
313110;1996;5645
313115;1996;13278
313120;1996;18753
313130;1996;195793
313140;1996;3984
313150;1996;8315
313160;1996;4801
313170;1996;95205
313180;1996;9716
313190;1996;35232
313200;1996;4816
313210;1996;22480
313220;1996;11225
313230;1996;9301
313240;1996;79961
313250;1996;32307
313260;1996;3495
313270;1996;22493
313280;1996;2612
313290;1996;9852
313300;1996;11164
313310;1996;12196
313320;1996;11970
313330;1996;21724
313340;1996;11297
313350;1996;22021
313360;1996;6508
313370;1996;8243
313375;1996;12336
313380;1996;70919
313390;1996;6579
313400;1996;24066
313410;1996;5949
313420;1996;87751
313430;1996;6379
313440;1996;30349
313450;1996;4206
313460;1996;12409
313470;1996;11850
313480;1996;7215
313490;1996;16124
313500;1996;2595
313505;1996;23271
313507;1996;4895
313510;1996;60731
313520;1996;77739
313530;1996;3475
313540;1996;6054
313550;1996;13775
313560;1996;8237
313570;1996;5185
313580;1996;23457
313590;1996;4607
313600;1996;18959
313610;1996;6687
313620;1996;61700
313630;1996;49468
313640;1996;4063
313650;1996;10112
313665;1996;12306
313670;1996;424479
313680;1996;6344
313690;1996;6959
313700;1996;15558
313710;1996;7966
313720;1996;34431
313730;1996;4517
313740;1996;10862
313750;1996;15901
313753;1996;6940
313760;1996;35026
313770;1996;16426
313780;1996;17255
313790;1996;3479
313800;1996;5872
313810;1996;6301
313820;1996;72947
313830;1996;3069
313840;1996;46969
313850;1996;5991
313860;1996;14925
313862;1996;6515
313865;1996;7012
313870;1996;5448
313880;1996;16973
313890;1996;6737
313900;1996;32123
313910;1996;4316
313920;1996;33233
313925;1996;6505
313930;1996;30988
313940;1996;69244
313950;1996;21467
313960;1996;32316
313980;1996;10220
313970;1996;6066
313990;1996;14442
314000;1996;40217
314010;1996;4379
314020;1996;2519
314030;1996;3800
314040;1996;3213
314050;1996;11382
314055;1996;6403
314060;1996;4824
314070;1996;20720
317150;1996;3723
314080;1996;12234
314085;1996;9668
314090;1996;14431
314100;1996;17858
314110;1996;26722
314120;1996;3872
314130;1996;2870
314140;1996;20818
314150;1996;10026
314160;1996;10064
314170;1996;6580
314180;1996;33446
314190;1996;3962
314200;1996;15147
314210;1996;9420
314220;1996;15996
314230;1996;4201
314240;1996;5911
314250;1996;2687
314260;1996;6709
314270;1996;16297
314280;1996;18381
314290;1996;28868
314300;1996;12982
314310;1996;39952
314320;1996;19794
314340;1996;18531
314330;1996;271608
314345;1996;6656
314350;1996;6765
314360;1996;2952
314370;1996;3923
314380;1996;6206
314390;1996;88305
314400;1996;25804
314410;1996;19018
314420;1996;3618
314430;1996;41271
314440;1996;4422
314450;1996;7194
314460;1996;24771
314470;1996;17426
314480;1996;56960
314490;1996;4265
314500;1996;8218
314510;1996;12590
314520;1996;27486
313660;1996;5148
314530;1996;26564
314540;1996;2213
314550;1996;2058
314560;1996;35055
314570;1996;2254
314580;1996;2748
314590;1996;29783
314600;1996;28320
314610;1996;61633
314620;1996;8655
314630;1996;17221
314640;1996;5089
314650;1996;8857
314660;1996;1554
314670;1996;7039
314675;1996;7350
314690;1996;12817
314710;1996;68585
314700;1996;68047
314720;1996;17817
314730;1996;16197
314740;1996;18623
314760;1996;14226
314770;1996;8058
314780;1996;2288
314750;1996;1914
314790;1996;91808
314800;1996;112712
314810;1996;68478
314820;1996;4630
314830;1996;8916
314840;1996;5162
314850;1996;14049
314860;1996;21078
314870;1996;23176
314880;1996;3979
314890;1996;3828
314900;1996;1673
314910;1996;11559
314915;1996;7684
314920;1996;5206
314930;1996;47342
314940;1996;1638
314950;1996;2893
314960;1996;3485
314970;1996;4865
314980;1996;10520
314990;1996;17778
315000;1996;4412
315010;1996;3075
315020;1996;4055
315030;1996;4950
315040;1996;4037
315050;1996;7466
315060;1996;6306
315070;1996;2926
315080;1996;16989
315090;1996;4775
315100;1996;6558
315110;1996;10600
315120;1996;48684
315130;1996;10266
315140;1996;22166
315150;1996;26793
315160;1996;8096
315170;1996;14099
315180;1996;121831
315190;1996;10331
315200;1996;23250
315210;1996;58602
315220;1996;51712
315230;1996;9487
315240;1996;14762
315250;1996;93166
315260;1996;6456
315270;1996;7520
315280;1996;20801
315290;1996;9391
315300;1996;2715
315310;1996;5501
315320;1996;4443
315330;1996;2554
315340;1996;17124
315360;1996;8081
315370;1996;3091
315380;1996;1893
315390;1996;14630
315400;1996;29036
315410;1996;10604
315420;1996;9783
315430;1996;17459
315440;1996;4528
315445;1996;7942
315450;1996;10583
315460;1996;197025
315470;1996;3582
315480;1996;7556
315490;1996;14940
315510;1996;5770
315500;1996;2382
315520;1996;7117
315530;1996;4276
315540;1996;11730
315550;1996;10763
315560;1996;42445
315570;1996;14145
315580;1996;15563
315590;1996;7313
315600;1996;15342
315610;1996;5625
315620;1996;1932
315630;1996;4309
315640;1996;3441
315650;1996;8927
315660;1996;9959
315670;1996;100539
315680;1996;16392
315690;1996;20781
315700;1996;50139
315710;1996;7393
315720;1996;27068
315725;1996;6544
315730;1996;4674
315740;1996;5562
315750;1996;4847
315760;1996;4017
315770;1996;10299
315780;1996;153914
315790;1996;13472
315800;1996;10320
315810;1996;5024
315820;1996;18453
315920;1996;9466
315940;1996;3770
315930;1996;5220
315935;1996;4510
315950;1996;6002
315960;1996;29246
315970;1996;2894
315980;1996;16920
315830;1996;7101
315840;1996;3245
315850;1996;8603
315860;1996;3223
315870;1996;1867
315880;1996;4310
315890;1996;7961
315895;1996;15647
315900;1996;3543
315910;1996;4043
315990;1996;15491
316000;1996;3475
316010;1996;4547
316020;1996;4718
316030;1996;11222
316040;1996;20423
316050;1996;1758
316060;1996;3696
316070;1996;45890
316080;1996;3020
316090;1996;3229
316100;1996;18051
316110;1996;55232
316120;1996;6233
316130;1996;5169
316140;1996;5546
316150;1996;7402
316160;1996;5004
316170;1996;8738
316180;1996;7874
316190;1996;8524
312550;1996;3099
316200;1996;20659
316210;1996;22447
316220;1996;5337
316230;1996;2629
316240;1996;24090
316250;1996;75181
316255;1996;7725
316257;1996;4301
316260;1996;8332
316270;1996;27799
316280;1996;15224
316290;1996;23379
316295;1996;12201
316300;1996;3681
316310;1996;2960
316320;1996;3368
316330;1996;3982
316340;1996;6079
316350;1996;9778
316360;1996;2250
316370;1996;33736
316380;1996;6532
316390;1996;5087
316410;1996;7714
316400;1996;9568
316420;1996;7363
316430;1996;6187
316440;1996;4216
316450;1996;12050
316460;1996;4735
316470;1996;53640
316480;1996;1602
316490;1996;1927
316520;1996;5733
316500;1996;9777
316510;1996;6574
316530;1996;5770
316540;1996;4946
316550;1996;4307
316557;1996;4847
316560;1996;1924
316570;1996;6391
316580;1996;1980
316590;1996;5353
316600;1996;4958
316610;1996;3773
316620;1996;9785
316630;1996;6464
316640;1996;1739
316650;1996;4016
316660;1996;834
316680;1996;10081
316670;1996;8817
316690;1996;7327
316700;1996;2116
316710;1996;20374
316720;1996;167340
316730;1996;2015
316740;1996;5643
316750;1996;2262
316760;1996;16647
316770;1996;6429
316780;1996;5191
316790;1996;4450
316800;1996;25788
316810;1996;3188
316820;1996;1934
316830;1996;3369
316840;1996;16342
316850;1996;10682
316860;1996;136044
316870;1996;65501
316880;1996;11695
316890;1996;10331
316900;1996;14105
316910;1996;5074
316920;1996;10389
316930;1996;60930
316935;1996;24112
316940;1996;47283
316950;1996;5359
316960;1996;21403
316970;1996;21171
316980;1996;3717
316990;1996;77159
317000;1996;13629
317005;1996;10941
317010;1996;237433
317020;1996;438986
317030;1996;2960
317040;1996;73664
317050;1996;9637
317052;1996;12914
317060;1996;2167
317070;1996;100168
317080;1996;31551
317090;1996;26833
317100;1996;18938
317110;1996;3179
317120;1996;60952
317130;1996;57450
317140;1996;3971
317160;1996;13788
317170;1996;8502
317180;1996;11391
317190;1996;6462
317200;1996;30442
317210;1996;4655
317220;1996;2361
320010;1996;40233
320016;1996;12749
320013;1996;9784
320020;1996;31832
320030;1996;13089
320035;1996;7158
320040;1996;17327
320050;1996;6863
320060;1996;59565
320070;1996;7032
320080;1996;26580
320090;1996;36635
320100;1996;13241
320110;1996;8608
320120;1996;150359
320130;1996;301183
320140;1996;29523
320150;1996;104545
320160;1996;25507
320170;1996;10136
320180;1996;4385
320190;1996;26130
320200;1996;5649
320210;1996;21941
320220;1996;11339
320230;1996;23820
320240;1996;73730
320245;1996;16558
320250;1996;9671
320255;1996;7998
320260;1996;11114
320265;1996;10050
320270;1996;14154
320280;1996;51247
320290;1996;10871
320300;1996;24558
320305;1996;17626
320310;1996;9560
320313;1996;14259
320316;1996;10630
320320;1996;125297
320330;1996;12239
320334;1996;10904
320335;1996;9436
320340;1996;24872
320350;1996;18041
320360;1996;12678
320370;1996;19734
320380;1996;13254
320390;1996;41543
320400;1996;20080
320405;1996;22455
320410;1996;21159
320420;1996;12227
320430;1996;9559
320435;1996;15977
320440;1996;10694
320450;1996;11775
320455;1996;25576
320460;1996;29168
320465;1996;7068
320470;1996;31190
320480;1996;10432
320490;1996;82514
320500;1996;270373
320503;1996;13645
320506;1996;14128
320510;1996;47494
320515;1996;8652
320520;1996;297430
320530;1996;265874
330010;1996;92532
330015;1996;7201
330020;1996;66148
330022;1996;9009
330025;1996;21548
330030;1996;85391
330040;1996;166745
330045;1996;399319
330050;1996;21805
330060;1996;32231
330070;1996;115759
330080;1996;43482
330090;1996;20803
330100;1996;389547
330110;1996;20132
330115;1996;11940
330120;1996;15175
330130;1996;20212
330095;1996;7414
330140;1996;18206
330150;1996;21561
330160;1996;9933
330170;1996;715089
330180;1996;12543
330185;1996;32614
330190;1996;184560
330200;1996;125063
330205;1996;13199
330210;1996;23273
330220;1996;82650
330225;1996;21216
330227;1996;73130
330230;1996;7580
330240;1996;121095
330250;1996;183113
330260;1996;19896
330270;1996;60286
330280;1996;17185
330290;1996;20093
330300;1996;24450
330310;1996;15125
330320;1996;155272
330330;1996;450364
330340;1996;169246
330350;1996;826188
330360;1996;39441
330370;1996;33737
330380;1996;27127
330385;1996;22286
330390;1996;269669
330400;1996;40228
330410;1996;15407
330412;1996;9866
330414;1996;108522
330415;1996;12583
330420;1996;102625
330430;1996;46495
330440;1996;14449
330450;1996;6365
330452;1996;28106
330455;1996;5551538
330460;1996;10840
330470;1996;34123
330480;1996;36534
330490;1996;833379
330500;1996;63939
330510;1996;434323
330515;1996;16115
330520;1996;65147
330530;1996;8375
330540;1996;16921
330550;1996;44017
330560;1996;19027
330570;1996;13373
330580;1996;125122
330590;1996;10594
330600;1996;66223
330610;1996;61611
330615;1996;7554
330620;1996;29037
330630;1996;232287
350010;1996;32766
350020;1996;3368
350030;1996;26360
350040;1996;7171
350050;1996;13542
350055;1996;4319
350060;1996;1720
350070;1996;32892
350075;1996;3444
350080;1996;3630
350090;1996;3509
350100;1996;13888
350110;1996;4382
350115;1996;13260
350120;1996;4546
350130;1996;21431
350140;1996;3103
350150;1996;2661
350160;1996;167945
350170;1996;23993
350180;1996;5582
350190;1996;55457
350200;1996;3446
350210;1996;53600
350220;1996;17914
350230;1996;4176
350240;1996;3136
350250;1996;34318
350260;1996;4855
350270;1996;23972
350275;1996;9512
350280;1996;162577
350290;1996;17125
350300;1996;4223
350310;1996;5416
350315;1996;2338
350320;1996;172746
350330;1996;95997
350340;1996;6668
350350;1996;3466
350360;1996;10151
350370;1996;6781
350380;1996;26019
350390;1996;50739
350395;1996;1967
350400;1996;83133
350410;1996;95342
350420;1996;13412
350430;1996;4615
350440;1996;8396
350450;1996;69580
350460;1996;8162
350470;1996;1388
350480;1996;7125
350490;1996;9001
350500;1996;2682
350510;1996;5826
350520;1996;25797
350530;1996;32845
350535;1996;5009
350540;1996;7219
350550;1996;100646
350560;1996;21905
350570;1996;177256
350580;1996;19932
350590;1996;47996
350600;1996;292566
350610;1996;72633
350620;1996;2320
350630;1996;10383
350635;1996;17002
350640;1996;5726
350650;1996;85427
350660;1996;20083
350670;1996;12845
350680;1996;8561
350690;1996;6717
350700;1996;28560
350710;1996;10890
350715;1996;2727
350720;1996;768
350730;1996;3548
350740;1996;12469
350745;1996;1768
350750;1996;100876
350760;1996;110083
350770;1996;4367
350780;1996;15529
350790;1996;17059
350800;1996;16284
350810;1996;13499
350820;1996;3185
350830;1996;4501
350840;1996;23572
350850;1996;68117
350860;1996;25473
350870;1996;17485
350880;1996;15331
350890;1996;3709
350900;1996;57512
350910;1996;3269
350920;1996;42464
350925;1996;26743
350930;1996;9943
350940;1996;20788
350945;1996;4547
350950;1996;908906
350960;1996;52294
350970;1996;36016
350980;1996;4176
350990;1996;9591
351000;1996;28222
351010;1996;2470
351015;1996;2864
351020;1996;46414
351030;1996;12603
351040;1996;38258
351050;1996;67398
351060;1996;327882
351070;1996;11458
351080;1996;24795
351090;1996;2753
351100;1996;15265
351110;1996;100942
351120;1996;6728
351130;1996;5973
351140;1996;13962
351150;1996;24977
351160;1996;12755
351170;1996;12572
355720;1996;12431
351190;1996;5017
351200;1996;16390
351210;1996;6038
351220;1996;22606
351230;1996;13132
351240;1996;15344
351250;1996;6386
351260;1996;5656
351270;1996;3530
351280;1996;39880
351290;1996;7316
351300;1996;126956
351310;1996;23984
351320;1996;6309
351330;1996;2687
351340;1996;72155
351350;1996;97257
351360;1996;21641
351370;1996;27020
351380;1996;323116
351385;1996;1667
351390;1996;11504
351400;1996;7150
351410;1996;21638
351420;1996;2137
351430;1996;8296
351440;1996;40043
351450;1996;11788
351460;1996;5495
351470;1996;6410
351480;1996;13872
351490;1996;12485
351492;1996;2569
351495;1996;2467
351500;1996;195628
351510;1996;42261
351512;1996;2777
351515;1996;8736
351518;1996;38091
351519;1996;3108
355730;1996;8074
351520;1996;8009
351530;1996;2786
351535;1996;10237
351540;1996;14608
351560;1996;5267
351550;1996;59026
351570;1996;121970
351580;1996;2259
351590;1996;3376
351600;1996;11639
351610;1996;3209
351620;1996;267235
351630;1996;106215
351640;1996;98310
351650;1996;2414
351660;1996;8944
351670;1996;40481
351680;1996;3739
351690;1996;11502
351700;1996;9223
351710;1996;4174
351720;1996;8426
351730;1996;4903
351740;1996;33114
351750;1996;12566
351760;1996;19240
351770;1996;18215
351780;1996;8887
351790;1996;8692
351800;1996;7465
351810;1996;5572
351820;1996;27608
351830;1996;17995
351840;1996;98265
351850;1996;8894
351860;1996;30442
351870;1996;226365
351880;1996;972197
351885;1996;6099
351890;1996;4587
351900;1996;7454
351905;1996;6653
351907;1996;115720
351910;1996;8110
351920;1996;6687
351925;1996;2616
351930;1996;23498
351940;1996;9313
351950;1996;5709
351960;1996;42359
351970;1996;55920
351980;1996;6638
351990;1996;9382
352000;1996;23077
352010;1996;25762
352020;1996;6067
352030;1996;26052
352042;1996;3434
352044;1996;22145
352040;1996;13100
352050;1996;121906
352060;1996;4733
352070;1996;4431
352080;1996;3178
352090;1996;12796
352100;1996;14283
352110;1996;3341
352120;1996;4736
352130;1996;10994
352140;1996;14024
352150;1996;6393
352160;1996;7938
352170;1996;18658
352180;1996;17467
352190;1996;13771
352200;1996;2268
352210;1996;58017
352215;1996;3403
352220;1996;110196
352230;1996;112340
352240;1996;77767
352250;1996;133523
352260;1996;60791
352265;1996;3143
352270;1996;36253
352280;1996;14447
352290;1996;9897
352300;1996;3792
352310;1996;228344
352320;1996;45034
352330;1996;11679
352340;1996;71590
352350;1996;13917
352360;1996;11024
352370;1996;5377
352380;1996;6802
352390;1996;122528
352400;1996;20605
352410;1996;34116
352420;1996;6408
352430;1996;62774
352440;1996;167751
352450;1996;3272
352460;1996;15652
352470;1996;25399
352480;1996;45313
352490;1996;3457
352500;1996;75352
352510;1996;24615
352520;1996;12382
352530;1996;103601
352540;1996;3245
352550;1996;9207
352560;1996;3619
352570;1996;25752
352580;1996;3946
352590;1996;293373
352600;1996;15962
352610;1996;18685
352620;1996;21850
352630;1996;5101
352640;1996;20718
352650;1996;5191
352660;1996;5473
352670;1996;77825
352680;1996;50865
352690;1996;230348
352700;1996;4916
352710;1996;60788
352720;1996;76344
352725;1996;1987
352730;1996;18069
352740;1996;18690
352750;1996;2289
352760;1996;6885
352770;1996;4057
352780;1996;3970
352790;1996;2683
352800;1996;16024
352810;1996;7241
352820;1996;3611
352830;1996;3607
352840;1996;32345
352850;1996;49893
352860;1996;7180
352870;1996;3687
352880;1996;12557
352885;1996;1953
352890;1996;3897
352900;1996;177632
352910;1996;2213
352920;1996;21361
352930;1996;68506
352940;1996;342909
352950;1996;3346
352960;1996;3557
352965;1996;2012
352970;1996;18665
352980;1996;11020
353000;1996;2636
352990;1996;21018
353010;1996;25022
353020;1996;16006
353030;1996;43851
353040;1996;3415
353050;1996;63811
353060;1996;312685
353070;1996;114546
353080;1996;75337
353090;1996;2830
353100;1996;2019
353110;1996;27065
353120;1996;6006
353130;1996;42720
353140;1996;18099
353150;1996;19107
353160;1996;4220
353180;1996;30849
353170;1996;3331
353190;1996;23276
353200;1996;9657
353205;1996;3645
353210;1996;3642
353220;1996;3784
353230;1996;6764
353240;1996;11916
353250;1996;8422
353260;1996;9958
353270;1996;3205
353280;1996;4235
353282;1996;5671
353284;1996;2457
353290;1996;6781
353300;1996;16487
353310;1996;2134
353320;1996;2137
353330;1996;2731
353340;1996;37424
353325;1996;3239
353350;1996;31237
353360;1996;6119
353370;1996;4437
353380;1996;2824
353390;1996;44879
353400;1996;2919
353410;1996;5769
353420;1996;3546
353430;1996;34162
353440;1996;622912
353450;1996;2501
353460;1996;29779
353470;1996;86876
353480;1996;6976
353490;1996;11390
353500;1996;8866
353510;1996;9360
353520;1996;10463
353530;1996;19737
353540;1996;12716
353550;1996;37561
353560;1996;14179
353570;1996;5427
353580;1996;12461
353590;1996;3797
353600;1996;10722
353610;1996;4068
353620;1996;15810
353625;1996;1625
353630;1996;10486
353640;1996;4282
353650;1996;44431
353660;1996;8511
353670;1996;33921
353680;1996;5142
353690;1996;2869
353700;1996;14794
353710;1996;31890
353715;1996;2592
353720;1996;7693
353730;1996;51428
353740;1996;25359
353750;1996;5261
353760;1996;41398
353770;1996;4637
353780;1996;41232
353790;1996;23165
353800;1996;113937
353810;1996;13114
353820;1996;10087
353830;1996;3351
353850;1996;15099
353860;1996;20246
353870;1996;302886
353880;1996;26406
353890;1996;18088
353900;1996;10026
353910;1996;10499
353920;1996;21963
353930;1996;62717
353940;1996;10003
353950;1996;32200
353960;1996;3226
353970;1996;2970
353980;1996;84777
353990;1996;4738
354000;1996;17227
354010;1996;3544
354020;1996;26916
354025;1996;3281
354030;1996;2545
354040;1996;4441
354050;1996;5767
354060;1996;42727
354070;1996;43893
354075;1996;12463
354080;1996;11736
354090;1996;11854
354100;1996;150388
354110;1996;4079
354120;1996;12210
354130;1996;36699
354140;1996;177367
354150;1996;36024
354160;1996;29805
354170;1996;12212
354180;1996;2091
354190;1996;8351
354200;1996;5108
354210;1996;8793
354220;1996;28282
354230;1996;3740
354240;1996;16276
354250;1996;4923
354260;1996;49200
354270;1996;4909
354280;1996;3881
354290;1996;10802
354300;1996;19157
354310;1996;3522
354320;1996;4357
354325;1996;7028
354330;1996;97550
354340;1996;456252
354360;1996;3250
354370;1996;10494
354380;1996;10164
354390;1996;153389
354400;1996;22265
354410;1996;34736
354420;1996;7644
354350;1996;8334
354425;1996;21799
354430;1996;7382
354440;1996;2487
354450;1996;2486
354460;1996;4745
354470;1996;2444
354480;1996;3835
354490;1996;8211
354500;1996;13276
354510;1996;4482
354515;1996;5261
354520;1996;86928
354530;1996;30480
354540;1996;7188
354550;1996;2680
354560;1996;12628
354570;1996;5572
354580;1996;161060
354600;1996;20047
354610;1996;2354
354620;1996;3160
354630;1996;23946
354640;1996;38051
354650;1996;5588
354660;1996;25621
354670;1996;13605
354680;1996;41367
354690;1996;7310
354700;1996;4491
354710;1996;2647
354740;1996;2910
354750;1996;24874
354760;1996;20207
354720;1996;1995
354730;1996;57299
354770;1996;23073
354780;1996;624820
354790;1996;5452
354800;1996;14897
354805;1996;6732
354810;1996;6058
354820;1996;5804
354830;1996;2312
354840;1996;3815
354850;1996;412243
354860;1996;9194
354870;1996;660396
354880;1996;139825
354890;1996;175517
354900;1996;2684
354910;1996;73735
354920;1996;2650
354925;1996;1486
354930;1996;2315
354940;1996;40090
354950;1996;7763
354960;1996;4101
354970;1996;47660
354980;1996;326315
354990;1996;486167
354995;1996;10139
355000;1996;10231
355010;1996;38271
355020;1996;27508
355030;1996;9839066
355040;1996;23352
355050;1996;6711
355060;1996;61450
355070;1996;43845
355080;1996;11477
355090;1996;12668
355100;1996;279528
355110;1996;7005
355120;1996;3207
355130;1996;2527
355140;1996;6931
355160;1996;22295
355150;1996;26581
355170;1996;88545
355180;1996;13193
355190;1996;12769
355200;1996;5240
355210;1996;30847
355220;1996;431561
355230;1996;7817
355240;1996;168058
355255;1996;2785
355250;1996;180740
355260;1996;10154
355270;1996;12266
355280;1996;182506
355290;1996;5051
355300;1996;7078
355310;1996;5384
355320;1996;5355
355330;1996;21215
355340;1996;23442
355350;1996;7200
355360;1996;12705
355370;1996;50330
355380;1996;19997
355385;1996;3511
355390;1996;5635
355395;1996;10325
355400;1996;86867
355410;1996;220230
355420;1996;5094
355430;1996;19503
355440;1996;7814
355450;1996;29675
355460;1996;2714
355465;1996;1577
355470;1996;8183
355480;1996;32095
355490;1996;4913
355495;1996;4617
355500;1996;62906
355510;1996;13443
355520;1996;1945
355530;1996;2528
355535;1996;3875
355540;1996;55033
355550;1996;3716
355560;1996;8949
355570;1996;1370
355580;1996;9977
355590;1996;1508
355600;1996;11211
355610;1996;6815
355620;1996;74608
355630;1996;17731
355635;1996;6111
355640;1996;34123
355645;1996;26689
355650;1996;78156
355660;1996;11281
355670;1996;38625
355680;1996;14419
355690;1996;4186
355700;1996;87191
355710;1996;69863
355715;1996;1781
410010;1996;10357
410020;1996;7339
410030;1996;6443
410040;1996;89410
410045;1996;6992
412862;1996;3674
410060;1996;12354
410070;1996;11595
410050;1996;20184
410080;1996;9062
410090;1996;4423
410100;1996;14415
410105;1996;3125
410110;1996;20788
410115;1996;2635
410120;1996;18402
410130;1996;7541
410140;1996;101083
410150;1996;75038
410160;1996;22359
410170;1996;12873
410180;1996;76684
410190;1996;19675
410200;1996;35658
410210;1996;23245
410220;1996;3882
410230;1996;8745
410240;1996;32385
410250;1996;14707
410270;1996;2961
410260;1996;13095
410280;1996;14678
410290;1996;13911
410300;1996;7010
410302;1996;3453
410305;1996;10213
410310;1996;8583
410320;1996;6221
410322;1996;3531
410330;1996;10473
410335;1996;6631
410337;1996;4019
410340;1996;2374
410345;1996;10334
410347;1996;4942
410350;1996;7596
410360;1996;22390
410370;1996;80867
410380;1996;6281
410390;1996;18285
410400;1996;31444
410405;1996;4933
410410;1996;5722
410420;1996;82972
410430;1996;79508
410440;1996;19783
410442;1996;18878
410445;1996;25721
410450;1996;18458
410460;1996;15753
410470;1996;12799
410480;1996;219652
410490;1996;67553
410500;1996;10201
410510;1996;13280
410520;1996;17107
410530;1996;10440
410540;1996;20318
410550;1996;52437
410560;1996;9171
410570;1996;17967
410580;1996;153698
410590;1996;20134
410600;1996;7637
410610;1996;3661
410620;1996;12332
410630;1996;15968
410640;1996;46509
410650;1996;24038
410655;1996;5105
410680;1996;16939
410657;1996;4797
410660;1996;21173
410670;1996;4697
410690;1996;1476253
410700;1996;11608
410715;1996;4840
410710;1996;6481
410712;1996;3568
410720;1996;32084
410725;1996;5676
410730;1996;5903
412863;1996;5662
410740;1996;6630
410750;1996;14549
410753;1996;3068
410755;1996;4073
410760;1996;19982
410765;1996;45299
410770;1996;5218
410775;1996;9287
410785;1996;5221
410780;1996;5546
410790;1996;4849
410800;1996;12223
410810;1996;2280
410820;1996;9741
410830;1996;231627
410832;1996;7626
410840;1996;65730
410850;1996;12827
410855;1996;4083
410860;1996;37414
410870;1996;10806
410880;1996;29282
410890;1996;5635
410900;1996;3980
410910;1996;2159
410920;1996;5003
410930;1996;19609
410940;1996;155835
410950;1996;8035
410960;1996;31635
410965;1996;7230
410970;1996;24932
410975;1996;6756
410980;1996;38798
410990;1996;10494
411000;1996;3404
411005;1996;2416
411010;1996;27179
411020;1996;10462
411030;1996;2725
411040;1996;4341
411050;1996;12886
411060;1996;17336
411065;1996;2970
411070;1996;51003
411080;1996;11555
411090;1996;4514
411095;1996;4673
411100;1996;7033
411110;1996;6038
411120;1996;8913
411125;1996;17603
411130;1996;4269
411140;1996;11597
411150;1996;40750
411155;1996;6810
411160;1996;2628
411170;1996;4394
411180;1996;38516
411190;1996;10911
411200;1996;26401
411210;1996;19179
411220;1996;9105
411230;1996;4378
411240;1996;7698
411250;1996;11557
411260;1996;1342
411270;1996;12096
411275;1996;10426
411280;1996;9744
411290;1996;3696
411295;1996;8446
411300;1996;5987
411310;1996;5434
411320;1996;39967
411325;1996;7454
411330;1996;43008
411340;1996;4545
411342;1996;4912
411345;1996;6996
411350;1996;18231
411360;1996;3823
411370;1996;421343
411373;1996;7917
411375;1996;5843
411380;1996;4429
411390;1996;12351
411400;1996;15287
411410;1996;16219
411420;1996;28537
411430;1996;15218
411440;1996;17083
411450;1996;12823
411460;1996;37608
411470;1996;7085
411480;1996;25254
411490;1996;8882
411500;1996;6268
411510;1996;10200
411520;1996;267942
411530;1996;6213
411535;1996;6188
411540;1996;14104
411550;1996;4583
411560;1996;13828
411570;1996;18721
411573;1996;5078
411575;1996;5149
411580;1996;40147
411585;1996;4478
411590;1996;2276
411600;1996;4672
411605;1996;9998
411610;1996;14714
411620;1996;15020
411630;1996;3440
411640;1996;3492
411650;1996;1255
411660;1996;3650
411670;1996;14420
411680;1996;9628
411690;1996;25877
411695;1996;5205
411700;1996;8232
411705;1996;17179
411710;1996;13263
411720;1996;5268
411725;1996;10620
411721;1996;3746
411722;1996;7069
411727;1996;14301
411729;1996;3000
411730;1996;28731
411740;1996;3644
411745;1996;5950
411750;1996;27119
411760;1996;34392
411770;1996;30020
411780;1996;17329
411790;1996;24783
411800;1996;9287
411810;1996;9410
411820;1996;124920
411830;1996;2478
411840;1996;72972
411845;1996;3611
411850;1996;57750
411860;1996;4722
411870;1996;6827
411880;1996;13510
411890;1996;12674
411900;1996;11374
411910;1996;8771
411915;1996;89335
411925;1996;2646
411920;1996;5925
411930;1996;32399
411940;1996;20063
411950;1996;52486
411960;1996;43593
411965;1996;2246
411970;1996;3669
411980;1996;14443
411990;1996;256302
412000;1996;17281
412010;1996;3679
412020;1996;2714
412030;1996;3770
412035;1996;7895
412040;1996;4112
412050;1996;10920
412060;1996;46403
412070;1996;6123
412080;1996;13901
412085;1996;3599
412090;1996;30668
412100;1996;10448
412110;1996;5289
412120;1996;14058
412125;1996;3032
412130;1996;4243
412135;1996;3453
412140;1996;16101
412150;1996;13599
412160;1996;7184
412170;1996;23527
412180;1996;10598
412190;1996;14104
412200;1996;12588
412210;1996;3826
412215;1996;10818
412220;1996;23212
412230;1996;27824
412240;1996;44379
412250;1996;13265
412260;1996;8203
412265;1996;7731
412270;1996;5286
412280;1996;9773
412290;1996;5353
412300;1996;13055
412310;1996;4541
412320;1996;4136
412330;1996;8378
412340;1996;8530
412350;1996;19486
412360;1996;1990
412370;1996;9434
412380;1996;11968
412382;1996;4433
412385;1996;14100
412390;1996;13120
412395;1996;2860
412402;1996;10406
412405;1996;16690
412400;1996;5573
412410;1996;39194
412420;1996;2871
412430;1996;2566
412440;1996;17809
412450;1996;5065
412460;1996;5326
412470;1996;11049
412480;1996;12226
412490;1996;6112
412500;1996;13815
412510;1996;12073
412520;1996;9669
412530;1996;5948
412535;1996;6774
412540;1996;7109
412545;1996;4452
412550;1996;169035
412555;1996;2141
412560;1996;35004
412570;1996;23169
412575;1996;7322
412580;1996;10086
412590;1996;2809
412600;1996;8174
412610;1996;5016
412620;1996;7298
412625;1996;60212
412627;1996;3920
412630;1996;16742
412640;1996;6586
412650;1996;14307
412660;1996;14379
412665;1996;4401
412670;1996;4387
412680;1996;13060
412690;1996;6599
412700;1996;13749
412710;1996;64632
412720;1996;14516
412730;1996;13035
412740;1996;16885
412750;1996;17313
412760;1996;11559
412770;1996;90417
412780;1996;10373
412785;1996;13057
412788;1996;3426
412790;1996;9179
412795;1996;8363
412796;1996;13833
412800;1996;23772
412810;1996;90878
412820;1996;45945
412830;1996;2577
412840;1996;12133
412853;1996;7500
412855;1996;10313
412860;1996;8981
412865;1996;3887
412870;1996;6405
412850;1996;18602
412880;1996;7032
420005;1996;3106
420010;1996;13593
420020;1996;7608
420030;1996;3914
420040;1996;6808
420050;1996;6410
420055;1996;2938
420060;1996;4840
420070;1996;9187
420080;1996;8060
420090;1996;6051
420100;1996;9994
420110;1996;3345
420120;1996;6007
420125;1996;8425
420127;1996;3848
420130;1996;17573
420140;1996;55449
420150;1996;6461
420160;1996;3520
420165;1996;2451
420170;1996;6836
420180;1996;3658
420190;1996;5956
420205;1996;3892
420200;1996;58188
421280;1996;9484
420210;1996;13204
420215;1996;3003
420220;1996;8677
420230;1996;40047
420240;1996;231401
420250;1996;4215
420260;1996;7930
420245;1996;5877
420270;1996;4032
420280;1996;20262
420285;1996;3002
420290;1996;66558
420300;1996;58620
420310;1996;7045
420315;1996;2322
420320;1996;34054
420330;1996;10549
420340;1996;8194
420350;1996;22380
420360;1996;34201
420370;1996;8209
420380;1996;54964
420390;1996;15569
420395;1996;17263
420400;1996;6863
420410;1996;5771
420415;1996;3011
420417;1996;4371
420420;1996;131014
420425;1996;12486
420430;1996;58502
420435;1996;2872
420440;1996;10333
420445;1996;2979
420455;1996;13541
420450;1996;11073
420460;1996;159101
420470;1996;10592
420480;1996;37083
420490;1996;10123
420500;1996;13853
420510;1996;3455
420515;1996;2981
420520;1996;4340
420530;1996;10196
420540;1996;271281
420543;1996;2752
420545;1996;16106
420550;1996;30265
420560;1996;6529
420570;1996;11718
420580;1996;10285
420590;1996;40584
420600;1996;10864
420610;1996;5830
420620;1996;8851
420630;1996;11539
420640;1996;11632
420650;1996;20830
420660;1996;4950
420665;1996;4435
420670;1996;19042
420680;1996;3782
420690;1996;13394
420700;1996;42096
420710;1996;10023
420720;1996;13825
420730;1996;32876
420740;1996;5398
420750;1996;35340
420760;1996;4565
420765;1996;7914
420768;1996;5702
420770;1996;6869
420775;1996;5168
420780;1996;7943
420785;1996;2577
420790;1996;9694
420800;1996;8548
420810;1996;18568
420820;1996;134942
420830;1996;18222
420840;1996;14996
420845;1996;5830
420850;1996;20949
420860;1996;4233
420870;1996;11039
420880;1996;13416
420890;1996;93076
420895;1996;2067
420900;1996;28346
420910;1996;397951
420915;1996;4375
420920;1996;2136
420930;1996;148860
420940;1996;43870
420945;1996;1543
420950;1996;4532
420960;1996;13355
420970;1996;11368
420980;1996;4120
420985;1996;4930
420990;1996;7936
421000;1996;7203
421005;1996;1802
421010;1996;49479
421020;1996;3534
421030;1996;7022
421040;1996;5352
421050;1996;22451
421055;1996;5569
421060;1996;11788
421070;1996;2996
421080;1996;7009
421085;1996;2823
421090;1996;5762
421100;1996;10048
421105;1996;7500
421110;1996;8135
421120;1996;13389
421125;1996;2597
421130;1996;32363
421140;1996;3411
421145;1996;4559
421150;1996;9369
421160;1996;9968
421165;1996;3436
421170;1996;21296
421175;1996;15158
421180;1996;6509
421185;1996;3209
421190;1996;81176
421200;1996;8535
421210;1996;17274
421220;1996;16184
421223;1996;5164
421225;1996;3667
421227;1996;4203
421230;1996;5589
421240;1996;5059
421250;1996;15473
421260;1996;3178
421270;1996;6619
421290;1996;11172
421300;1996;2680
421310;1996;4342
421315;1996;2572
421320;1996;21189
421330;1996;4973
421335;1996;2743
421340;1996;10408
421350;1996;7606
421360;1996;30676
421370;1996;11778
421380;1996;7492
421390;1996;1856
421400;1996;11523
421410;1996;2455
421420;1996;12471
421430;1996;2443
421440;1996;5814
421450;1996;6578
421460;1996;6734
421480;1996;47822
421470;1996;8812
421490;1996;4220
421500;1996;31611
421505;1996;2321
421507;1996;5621
421510;1996;9623
421520;1996;7597
421530;1996;6885
421540;1996;3790
421545;1996;6789
421550;1996;12818
421555;1996;2772
421560;1996;1873
421565;1996;7742
421567;1996;8439
421570;1996;14569
421580;1996;57098
421590;1996;3109
421600;1996;11989
421605;1996;3819
421610;1996;9585
421620;1996;27787
421630;1996;13637
421635;1996;3092
421625;1996;6561
421640;1996;6790
421650;1996;22010
421660;1996;151024
421670;1996;16418
421680;1996;10276
421690;1996;19920
421700;1996;7501
421710;1996;3331
421715;1996;2175
421720;1996;36337
421730;1996;8481
421740;1996;9294
421750;1996;16270
421755;1996;3437
421760;1996;13590
421770;1996;25532
421775;1996;3552
421780;1996;15997
421790;1996;10969
421800;1996;20160
421810;1996;5580
421820;1996;26497
421825;1996;7144
421830;1996;16774
421840;1996;6281
421850;1996;4530
421860;1996;5895
421870;1996;83728
421875;1996;5235
421880;1996;12778
421885;1996;3710
421890;1996;10259
421895;1996;2397
421900;1996;18104
421910;1996;3519
421915;1996;3482
421917;1996;5537
421920;1996;6416
421930;1996;39339
421935;1996;5679
421940;1996;3526
421950;1996;37392
421960;1996;4770
421970;1996;22677
430005;1996;4196
430010;1996;16253
430020;1996;10759
430030;1996;9369
430040;1996;82527
430045;1996;5800
430050;1996;11116
430055;1996;2073
430057;1996;2538
430060;1996;162005
430063;1996;5264
430064;1996;6878
430066;1996;1107
430070;1996;6805
430080;1996;11767
430085;1996;3384
430090;1996;7515
430100;1996;15695
430105;1996;4196
430120;1996;15622
430110;1996;12573
430130;1996;18537
430140;1996;10194
430150;1996;8352
430155;1996;4053
430160;1996;115657
430165;1996;6253
430170;1996;6927
430175;1996;6173
430185;1996;3363
430190;1996;10889
430192;1996;2511
430195;1996;2110
430180;1996;5600
430200;1996;11556
430210;1996;83201
430215;1996;2089
430220;1996;9087
430230;1996;12333
430235;1996;8683
430237;1996;2671
430240;1996;12626
430245;1996;7665
430250;1996;7893
430260;1996;4488
430265;1996;4235
430270;1996;19553
430280;1996;33950
430290;1996;15599
430300;1996;88612
430310;1996;96238
430320;1996;5067
430330;1996;7389
430340;1996;5678
430350;1996;61620
430355;1996;2431
430360;1996;6936
430367;1996;3054
430370;1996;7644
430380;1996;8479
430390;1996;50843
430400;1996;6967
430410;1996;3873
430420;1996;28451
430430;1996;7595
430435;1996;7157
430440;1996;30778
430450;1996;50045
430460;1996;284059
430463;1996;25629
430466;1996;20978
430468;1996;8575
430469;1996;2352
430470;1996;56959
430480;1996;18955
430485;1996;2144
430490;1996;8367
430495;1996;2978
430500;1996;10636
430510;1996;325694
430511;1996;3336
430513;1996;5293
430515;1996;2894
430517;1996;7658
430520;1996;12958
430530;1996;10066
430535;1996;27231
430537;1996;3861
430540;1996;4245
430545;1996;11447
430550;1996;5318
430558;1996;2464
430560;1996;4206
430570;1996;6407
430580;1996;11819
430585;1996;2931
430587;1996;2420
430590;1996;8778
430595;1996;4139
430597;1996;3033
430600;1996;16321
430605;1996;6537
430610;1996;71135
430620;1996;11468
430630;1996;4650
430632;1996;4025
430635;1996;3553
430640;1996;17997
430642;1996;2811
430645;1996;3333
430650;1996;13609
430660;1996;38979
430670;1996;3760
430673;1996;6742
430676;1996;22852
430680;1996;19287
430690;1996;22817
430692;1996;2268
430695;1996;3787
430693;1996;10388
430697;1996;3131
430700;1996;81932
430705;1996;3811
430720;1996;5915
430730;1996;9751
430740;1996;5528
430750;1996;16360
430755;1996;5947
430760;1996;31374
430770;1996;75233
430780;1996;26425
430783;1996;3498
430786;1996;2467
430790;1996;52821
430800;1996;6754
430805;1996;3086
430810;1996;10177
430820;1996;20559
430830;1996;11944
430840;1996;7654
430845;1996;4803
430850;1996;27300
430860;1996;28296
430865;1996;3395
430870;1996;6362
430880;1996;11159
430885;1996;1831
430890;1996;19029
430900;1996;25377
430905;1996;4718
430910;1996;25118
430912;1996;2552
430915;1996;3742
430920;1996;206023
430925;1996;1919
430930;1996;85969
430940;1996;18732
430950;1996;11076
430955;1996;3340
430710;1996;7548
430960;1996;16993
430965;1996;5003
430970;1996;5594
430975;1996;4862
430980;1996;5468
430990;1996;7283
430995;1996;5306
431000;1996;18478
431010;1996;24503
431020;1996;75575
431030;1996;4092
431033;1996;9510
431036;1996;3915
431040;1996;7595
431041;1996;2347
431043;1996;5543
431046;1996;2301
431050;1996;9382
431055;1996;3575
431057;1996;2646
431060;1996;43022
431070;1996;6000
431075;1996;2598
431080;1996;13199
431085;1996;4732
431090;1996;4367
431100;1996;29819
431110;1996;12736
431112;1996;4320
431115;1996;7870
431120;1996;21972
431127;1996;1584
431130;1996;29402
431125;1996;5707
431140;1996;62819
431142;1996;2352
431150;1996;7670
431160;1996;7371
431162;1996;3813
431164;1996;1509
431170;1996;6321
431175;1996;6059
431177;1996;7124
431179;1996;2354
431180;1996;25348
431190;1996;6819
431198;1996;3364
431200;1996;2631
431210;1996;5701
431213;1996;2267
431215;1996;2990
431220;1996;6233
431225;1996;7186
431230;1996;5504
431235;1996;1801
431238;1996;2818
431240;1996;49316
431242;1996;2372
431244;1996;3576
431245;1996;5958
431247;1996;4737
431250;1996;9303
431260;1996;7217
431262;1996;1784
431265;1996;13905
431267;1996;1769
431270;1996;12666
431275;1996;2686
431280;1996;3140
431290;1996;7286
431295;1996;2315
431300;1996;4699
431303;1996;3778
431306;1996;12917
431308;1996;2373
431310;1996;6091
431320;1996;15298
431330;1996;16440
431335;1996;3099
431337;1996;12467
431349;1996;3836
431340;1996;226070
431342;1996;5046
431344;1996;2689
431350;1996;33782
431360;1996;4875
431365;1996;12596
431370;1996;38933
431380;1996;7204
431390;1996;31647
431395;1996;10401
431400;1996;5540
431402;1996;6713
431403;1996;2948
431405;1996;40480
431407;1996;5465
431410;1996;156333
431415;1996;7580
431420;1996;14662
431430;1996;4213
431440;1996;307667
431442;1996;4038
431445;1996;2612
431447;1996;4383
431449;1996;4506
431450;1996;13302
431455;1996;3593
431460;1996;17347
431470;1996;11603
431475;1996;1953
431477;1996;3786
431478;1996;2332
431480;1996;22460
431490;1996;1288879
431500;1996;7230
431505;1996;2962
431507;1996;2758
431510;1996;11247
431513;1996;2207
431514;1996;2047
431515;1996;6667
431517;1996;2247
431520;1996;4985
431530;1996;23244
431532;1996;2639
431535;1996;3533
431540;1996;8520
431545;1996;2383
431550;1996;15553
431555;1996;5441
431560;1996;178256
431570;1996;37787
431575;1996;3684
431580;1996;8978
431590;1996;7837
431600;1996;16689
431610;1996;10164
431620;1996;6675
431630;1996;8161
431640;1996;40897
431642;1996;2806
431643;1996;3257
431645;1996;12249
431647;1996;2820
431650;1996;6520
431660;1996;14777
431710;1996;85554
431670;1996;10027
431675;1996;4508
431680;1996;100433
431690;1996;233351
431695;1996;5482
431720;1996;62553
431725;1996;1965
431730;1996;34054
431700;1996;8530
431740;1996;53703
431750;1996;75511
431760;1996;40541
431770;1996;13201
431755;1996;2239
431775;1996;2047
431780;1996;15137
431790;1996;15048
431795;1996;2762
431800;1996;63208
431805;1996;2740
431810;1996;20680
431820;1996;18631
431830;1996;60605
431840;1996;19712
431842;1996;4979
431843;1996;2583
431844;1996;2896
431845;1996;3161
431846;1996;2501
431848;1996;3079
431849;1996;2467
431850;1996;22767
431860;1996;7044
431862;1996;3080
431870;1996;180617
431880;1996;42527
431890;1996;40233
431900;1996;17359
431910;1996;6741
431912;1996;3147
431915;1996;7424
431920;1996;6542
431930;1996;7680
431935;1996;2474
431937;1996;2942
431940;1996;19930
431950;1996;19163
431960;1996;24624
431970;1996;7388
431971;1996;2322
431973;1996;2557
431975;1996;1621
431980;1996;7898
431990;1996;65909
432000;1996;114012
432010;1996;17854
432020;1996;12486
432023;1996;3524
432026;1996;6804
432030;1996;4605
432035;1996;4234
432040;1996;9754
432045;1996;3040
432050;1996;7693
432055;1996;5143
432060;1996;4317
432065;1996;2526
432067;1996;12984
432070;1996;20201
432080;1996;28303
432090;1996;16076
432100;1996;10650
432110;1996;14478
432120;1996;47574
432130;1996;26322
432132;1996;3073
432135;1996;5068
432140;1996;14716
432143;1996;10732
432145;1996;19969
432147;1996;8558
432150;1996;31124
432160;1996;27874
432162;1996;2372
432163;1996;3253
432166;1996;9272
432170;1996;17276
432180;1996;24785
432183;1996;3211
432185;1996;4841
432190;1996;30085
432195;1996;6251
432200;1996;19536
432210;1996;6657
432215;1996;4415
432218;1996;1800
432220;1996;23041
432225;1996;2661
432230;1996;9636
432235;1996;2208
432240;1996;124881
432250;1996;58534
432253;1996;10362
432254;1996;3668
432255;1996;1909
432260;1996;57071
432270;1996;19557
432280;1996;18122
432290;1996;6494
432300;1996;196685
432310;1996;6305
432320;1996;3890
432330;1996;2892
432340;1996;4107
432345;1996;4121
432350;1996;3061
432360;1996;1731
432370;1996;2768
432375;1996;4137
432380;1996;6931
500020;1996;8219
500025;1996;3751
500060;1996;27935
500070;1996;21378
500080;1996;7068
500085;1996;8215
500090;1996;6370
500100;1996;16959
500110;1996;40394
500124;1996;7381
500150;1996;6205
500190;1996;13638
500200;1996;9864
500210;1996;20437
500215;1996;7735
500220;1996;15252
500230;1996;10595
500240;1996;21427
500260;1996;16485
500270;1996;600069
500280;1996;4337
500290;1996;19570
500295;1996;8489
500310;1996;3520
500315;1996;14308
500320;1996;89083
500325;1996;14551
500330;1996;28888
500345;1996;11783
500348;1996;8937
500350;1996;4718
500370;1996;153191
500375;1996;10454
500380;1996;20511
500400;1996;10606
500410;1996;10286
500430;1996;12164
500440;1996;7806
500450;1996;15440
500460;1996;13047
500470;1996;21792
500480;1996;4555
500490;1996;4650
500500;1996;20570
500510;1996;4558
500515;1996;5318
500520;1996;12333
500525;1996;5518
500540;1996;24621
500560;1996;20878
500568;1996;16445
500570;1996;34670
500580;1996;14187
500600;1996;6928
500620;1996;34216
500625;1996;6569
500630;1996;37594
500635;1996;10232
500640;1996;8241
500660;1996;58505
500690;1996;11342
500710;1996;13968
500720;1996;18660
500730;1996;5219
500740;1996;17068
500750;1996;3722
500755;1996;6316
500769;1996;14585
500780;1996;6547
500770;1996;17251
500790;1996;18150
500793;1996;8801
500795;1996;7278
500797;1996;4083
500800;1996;10375
500830;1996;74797
500840;1996;6226
510010;1996;5993
510020;1996;15093
510025;1996;58187
510030;1996;11030
510035;1996;4907
510040;1996;7780
510050;1996;11227
510060;1996;3233
510080;1996;6655
510100;1996;3512
510120;1996;1404
510125;1996;13127
510130;1996;12988
510140;1996;16764
510160;1996;7852
510170;1996;20571
510180;1996;47133
510190;1996;9362
510250;1996;73596
510260;1996;12082
510263;1996;16949
510267;1996;10746
510269;1996;6082
510270;1996;13745
510285;1996;8294
510300;1996;14598
510305;1996;12751
510310;1996;5457
510320;1996;28416
510330;1996;14118
510335;1996;17196
510337;1996;4758
510340;1996;433355
510345;1996;8162
510350;1996;15387
510360;1996;8247
510380;1996;4821
510390;1996;4501
510395;1996;3878
510410;1996;27673
510420;1996;13509
510450;1996;1869
510455;1996;8076
510460;1996;7871
510480;1996;20953
510490;1996;6630
510500;1996;11864
510510;1996;25710
510515;1996;32221
510517;1996;4468
510520;1996;11380
510523;1996;5784
510525;1996;12647
510530;1996;2751
510558;1996;11678
510560;1996;11360
510562;1996;23717
510590;1996;15266
510600;1996;9999
510610;1996;10899
510615;1996;5226
510620;1996;5938
510621;1996;10704
510880;1996;5971
510885;1996;2511
510890;1996;3161
510895;1996;5670
510622;1996;8388
510623;1996;12000
510625;1996;18999
510627;1996;3806
510628;1996;8214
510629;1996;8181
510630;1996;18159
510637;1996;12783
510642;1996;29237
510645;1996;2638
510650;1996;30595
510665;1996;3287
510670;1996;2419
510675;1996;40768
510677;1996;10271
510680;1996;6036
510682;1996;8036
510685;1996;4751
510700;1996;21846
510704;1996;20983
510706;1996;4221
510715;1996;2789
510718;1996;8578
510719;1996;1608
510720;1996;5730
510760;1996;142524
510770;1996;16019
510775;1996;5669
510724;1996;3536
510777;1996;6248
510726;1996;3001
510780;1996;15314
510785;1996;10862
510729;1996;3137
510730;1996;11557
510735;1996;4378
510710;1996;21828
510740;1996;3577
510790;1996;54306
510792;1996;26711
510794;1996;4820
510795;1996;50925
510800;1996;8816
510805;1996;15751
510810;1996;3720
510820;1996;5607
510840;1996;193401
510850;1996;13473
510550;1996;13622
510860;1996;13244
520010;1996;10144
520013;1996;15330
520015;1996;2644
520017;1996;3771
520020;1996;2067
520030;1996;18623
520050;1996;2023
520055;1996;2500
520060;1996;5414
520080;1996;7600
520085;1996;5148
520090;1996;4300
520110;1996;264975
520120;1996;861
520130;1996;17951
520140;1996;265868
520145;1996;2220
520150;1996;3396
520160;1996;3678
520170;1996;15956
520180;1996;5998
520215;1996;7808
520235;1996;3980
520250;1996;5336
520260;1996;4609
520280;1996;2531
520310;1996;4058
520320;1996;10443
520330;1996;17786
520340;1996;8048
520350;1996;14618
520355;1996;4303
520360;1996;2606
520380;1996;5346
520390;1996;9057
520393;1996;2432
520396;1996;3379
520400;1996;5973
520410;1996;8272
520420;1996;1372
520425;1996;8225
520430;1996;10411
520440;1996;14223
520450;1996;39635
520455;1996;2635
520460;1996;2432
520465;1996;3848
520470;1996;8669
520480;1996;4621
520490;1996;15392
520495;1996;13055
520500;1996;9464
520505;1996;3653
520510;1996;58507
520520;1996;4105
520530;1996;9510
520540;1996;21951
520545;1996;6236
520547;1996;2630
520549;1996;33147
520551;1996;12780
520552;1996;3469
520570;1996;3204
520580;1996;8643
520590;1996;5970
520620;1996;28262
520630;1996;2665
520640;1996;16011
520650;1996;3703
520660;1996;3095
520670;1996;3538
520680;1996;2629
520690;1996;2079
520710;1996;2741
520830;1996;5015
520725;1996;7472
520735;1996;3783
520740;1996;10357
520750;1996;3513
520753;1996;7745
520760;1996;7522
520780;1996;9666
520790;1996;5350
520800;1996;68704
520810;1996;5934
520840;1996;10191
520850;1996;5157
520860;1996;46308
520870;1996;1003477
520880;1996;15194
520890;1996;27858
520910;1996;32698
520915;1996;4048
520920;1996;12470
520929;1996;2917
520940;1996;4728
520945;1996;3189
520960;1996;2964
520970;1996;11199
520980;1996;4378
520990;1996;10012
520993;1996;4997
520995;1996;11563
521000;1996;40118
521010;1996;21975
521020;1996;31283
521030;1996;3411
521040;1996;26407
521056;1996;4327
521060;1996;5398
521080;1996;5800
521090;1996;13403
521100;1996;9126
521120;1996;27884
521130;1996;5960
521140;1996;8485
521150;1996;78669
521160;1996;3141
521170;1996;6745
521180;1996;29470
521190;1996;69192
521200;1996;2881
521205;1996;2088
521210;1996;6632
521220;1996;20243
521230;1996;7763
521250;1996;242522
521260;1996;2628
521270;1996;4520
521280;1996;14866
521290;1996;1854
521295;1996;4355
521300;1996;8824
521305;1996;2584
521308;1996;35616
521310;1996;33743
521340;1996;2070
521350;1996;6888
521370;1996;8196
521375;1996;6300
521377;1996;2610
521380;1996;33547
521385;1996;2361
521390;1996;6449
521400;1996;10182
521405;1996;5534
521410;1996;4345
521440;1996;6758
521450;1996;15241
521460;1996;36069
521470;1996;2183
521480;1996;1898
521483;1996;10323
521486;1996;9111
521487;1996;2835
521490;1996;3995
521500;1996;5809
521520;1996;4561
521525;1996;3739
521530;1996;13068
521540;1996;4513
521550;1996;4013
521560;1996;16879
521565;1996;3358
521570;1996;17669
521580;1996;2177
521590;1996;3514
521600;1996;2607
521630;1996;8317
521640;1996;11191
521645;1996;1808
521680;1996;10277
521690;1996;3814
521710;1996;22697
521720;1996;12228
521730;1996;24717
521740;1996;25094
521760;1996;58576
521770;1996;16174
521800;1996;41222
521810;1996;3148
521830;1996;24771
521839;1996;3292
521850;1996;35460
521860;1996;9889
521870;1996;4456
521878;1996;1828
521880;1996;100586
521890;1996;17254
521900;1996;7677
521910;1996;4515
521920;1996;3114
521925;1996;3498
521930;1996;32985
521935;1996;3638
521940;1996;5141
521950;1996;3712
521960;1996;5195
521970;1996;13206
521971;1996;3939
521973;1996;2437
521975;1996;107672
521980;1996;9484
521990;1996;5914
522000;1996;5962
522005;1996;2063
522010;1996;25400
522015;1996;3996
522020;1996;21133
522026;1996;2980
522040;1996;12257
522045;1996;44266
522050;1996;6707
522060;1996;18761
522068;1996;6053
522070;1996;2893
522100;1996;3779
522108;1996;2056
522119;1996;4422
522130;1996;2660
522140;1996;69838
522145;1996;3601
522150;1996;5500
522155;1996;3016
522157;1996;2986
522160;1996;33765
522170;1996;14826
522180;1996;2870
522190;1996;3455
522200;1996;9519
522205;1996;5871
522220;1996;2720
530010;1996;1821946